{
    "MEDIUM": {
        "MEDIUM": {
            "accuracy": 0.9718647252231094,
            "precision": 0.7826077499802858,
            "recall": 0.7130081300813008,
            "f1": 0.7453535484619584
        },
        "HIGH": {
            "accuracy": 0.9789224952741021,
            "precision": 0.8384041785252793,
            "recall": 0.8161538461538461,
            "f1": 0.8264082714800001
        },
        "LOW": {
            "accuracy": 0.9711574074074074,
            "precision": 0.7550156815307494,
            "recall": 0.7206611570247934,
            "f1": 0.7363247945506173
        },
        "VERY_LOW": {
            "accuracy": 0.9818181818181817,
            "precision": 0.8395347687513952,
            "recall": 0.8229629629629629,
            "f1": 0.8309467573638539
        }
    },
    "HIGH": {
        "MEDIUM": {
            "accuracy": 0.9456521739130436,
            "precision": 0.6695227542264175,
            "recall": 0.648235294117647,
            "f1": 0.6578300871664566
        },
        "HIGH": {
            "accuracy": 0.956731436502429,
            "precision": 0.7444408524550881,
            "recall": 0.7532520325203251,
            "f1": 0.7482051043107347
        },
        "LOW": {
            "accuracy": 0.9611642411642413,
            "precision": 0.7544231412379709,
            "recall": 0.7278688524590164,
            "f1": 0.7405145313008059
        },
        "VERY_LOW": {
            "accuracy": 0.9540811872544739,
            "precision": 0.6848258921028425,
            "recall": 0.6727272727272726,
            "f1": 0.6783110048184284
        }
    },
    "LOW": {
        "MEDIUM": {
            "accuracy": 0.9903949293027792,
            "precision": 0.8814866435562783,
            "recall": 0.8843373493975903,
            "f1": 0.881823133903169
        },
        "HIGH": {
            "accuracy": 0.9875781575656524,
            "precision": 0.8642612456177347,
            "recall": 0.8466019417475726,
            "f1": 0.8542422041773687
        },
        "LOW": {
            "accuracy": 0.9852109949670925,
            "precision": 0.8372355621487859,
            "recall": 0.7914285714285715,
            "f1": 0.8131701051813819
        },
        "VERY_LOW": {
            "accuracy": 0.9967575534266764,
            "precision": 0.9805097653310945,
            "recall": 0.9396396396396394,
            "f1": 0.9592639137452489
        }
    },
    "VERY_LOW": {
        "MEDIUM": {
            "accuracy": 0.9969196093163035,
            "precision": 0.9621778831088441,
            "recall": 0.9489130434782609,
            "f1": 0.9551472763632513
        },
        "HIGH": {
            "accuracy": 0.9964542000844239,
            "precision": 0.9555512614122523,
            "recall": 0.9414634146341463,
            "f1": 0.9483707670938033
        },
        "LOW": {
            "accuracy": 0.9975751697381183,
            "precision": 0.9675056041751164,
            "recall": 0.9643835616438355,
            "f1": 0.9656962821174883
        },
        "VERY_LOW": {
            "accuracy": 0.9979929161747343,
            "precision": 0.9679343453609558,
            "recall": 0.9752808988764045,
            "f1": 0.9715108969605296
        }
    }
}