{
    "MEDIUM": {
        "MEDIUM": {
            "accuracy": 0.9729920150305306,
            "precision": 0.7772435075646306,
            "recall": 0.7512195121951221,
            "f1": 0.7626766082169244
        },
        "HIGH": {
            "accuracy": 0.9769376181474481,
            "precision": 0.8118605636872755,
            "recall": 0.8169230769230769,
            "f1": 0.8133601196966899
        },
        "LOW": {
            "accuracy": 0.9700925925925926,
            "precision": 0.7303028474639703,
            "recall": 0.7446280991735538,
            "f1": 0.736370554839935
        },
        "VERY_LOW": {
            "accuracy": 0.9808125502815768,
            "precision": 0.8348720055929751,
            "recall": 0.8081481481481481,
            "f1": 0.8205834391393845
        }
    },
    "HIGH": {
        "MEDIUM": {
            "accuracy": 0.9426275992438562,
            "precision": 0.6535699022459525,
            "recall": 0.6117647058823529,
            "f1": 0.6309883639682841
        },
        "HIGH": {
            "accuracy": 0.9568355308813323,
            "precision": 0.7554246973579362,
            "recall": 0.7325203252032522,
            "f1": 0.7432060698960321
        },
        "LOW": {
            "accuracy": 0.960790020790021,
            "precision": 0.7452023210211783,
            "recall": 0.7387978142076503,
            "f1": 0.7410646968777762
        },
        "VERY_LOW": {
            "accuracy": 0.954604975993016,
            "precision": 0.691616478154498,
            "recall": 0.6690909090909091,
            "f1": 0.6797880419512954
        }
    },
    "LOW": {
        "MEDIUM": {
            "accuracy": 0.9900536323744514,
            "precision": 0.8940530064873705,
            "recall": 0.8566265060240964,
            "f1": 0.8744864087967137
        },
        "HIGH": {
            "accuracy": 0.989328887036265,
            "precision": 0.8864136009423478,
            "recall": 0.8631067961165048,
            "f1": 0.8740678422814628
        },
        "LOW": {
            "accuracy": 0.986372435152923,
            "precision": 0.8565167060082353,
            "recall": 0.7999999999999999,
            "f1": 0.8265225117494307
        },
        "VERY_LOW": {
            "accuracy": 0.9964627855563742,
            "precision": 0.9696995866629614,
            "recall": 0.9432432432432434,
            "f1": 0.9561088507046304
        }
    },
    "VERY_LOW": {
        "MEDIUM": {
            "accuracy": 0.9972952667167544,
            "precision": 0.974937483604785,
            "recall": 0.9467391304347826,
            "f1": 0.9604136528733583
        },
        "HIGH": {
            "accuracy": 0.996411988180667,
            "precision": 0.9569938125037958,
            "recall": 0.9390243902439026,
            "f1": 0.9475841703851374
        },
        "LOW": {
            "accuracy": 0.9975266731328807,
            "precision": 0.9658944480837208,
            "recall": 0.9643835616438355,
            "f1": 0.9649733558699414
        },
        "VERY_LOW": {
            "accuracy": 0.9986225895316805,
            "precision": 0.9790483878642278,
            "recall": 0.9820224719101123,
            "f1": 0.980307444432384
        }
    }
}