{
    "MEDIUM": {
        "MEDIUM": {
            "accuracy": 0.972945044621888,
            "precision": 0.778861258884608,
            "recall": 0.7447154471544716,
            "f1": 0.7604616990477554
        },
        "HIGH": {
            "accuracy": 0.9785916824196595,
            "precision": 0.8225370014818345,
            "recall": 0.8315384615384614,
            "f1": 0.8263037695145806
        },
        "LOW": {
            "accuracy": 0.9712962962962963,
            "precision": 0.7496307276280179,
            "recall": 0.7322314049586776,
            "f1": 0.7405665813980107
        },
        "VERY_LOW": {
            "accuracy": 0.9814963797264682,
            "precision": 0.8334353645167567,
            "recall": 0.8244444444444445,
            "f1": 0.8286469657325048
        }
    },
    "HIGH": {
        "MEDIUM": {
            "accuracy": 0.9441398865784499,
            "precision": 0.6593345740815963,
            "recall": 0.6352941176470589,
            "f1": 0.6465226950606064
        },
        "HIGH": {
            "accuracy": 0.9563150589868148,
            "precision": 0.7421718142590328,
            "recall": 0.7495934959349594,
            "f1": 0.7456508381499417
        },
        "LOW": {
            "accuracy": 0.9632016632016631,
            "precision": 0.7698177274009639,
            "recall": 0.737704918032787,
            "f1": 0.7530841603151882
        },
        "VERY_LOW": {
            "accuracy": 0.9555652553470102,
            "precision": 0.6909237180807635,
            "recall": 0.6957575757575757,
            "f1": 0.6930027143173704
        }
    },
    "LOW": {
        "MEDIUM": {
            "accuracy": 0.9905411994149196,
            "precision": 0.9044499590941287,
            "recall": 0.8578313253012049,
            "f1": 0.879892123198144
        },
        "HIGH": {
            "accuracy": 0.9874947894956231,
            "precision": 0.869409330307044,
            "recall": 0.8359223300970873,
            "f1": 0.8512538623805123
        },
        "LOW": {
            "accuracy": 0.9859078590785909,
            "precision": 0.8547265753876635,
            "recall": 0.7876190476190477,
            "f1": 0.8190559981176084
        },
        "VERY_LOW": {
            "accuracy": 0.9958364038319824,
            "precision": 0.9562933103959679,
            "recall": 0.9414414414414415,
            "f1": 0.9487195389456835
        }
    },
    "VERY_LOW": {
        "MEDIUM": {
            "accuracy": 0.9963561232156273,
            "precision": 0.9568288416517532,
            "recall": 0.9369565217391305,
            "f1": 0.9467333023071711
        },
        "HIGH": {
            "accuracy": 0.9962009286618827,
            "precision": 0.9521002886849674,
            "recall": 0.9378048780487805,
            "f1": 0.9447521235811385
        },
        "LOW": {
            "accuracy": 0.9981086323957324,
            "precision": 0.979658363240727,
            "recall": 0.9671232876712329,
            "f1": 0.9731213943668671
        },
        "VERY_LOW": {
            "accuracy": 0.9983471074380166,
            "precision": 0.9757792344231193,
            "recall": 0.9775280898876405,
            "f1": 0.9764630955087963
        }
    }
}