{
    "MEDIUM": {
        "MEDIUM": {
            "accuracy": 0.9748238609675903,
            "precision": 0.8018002620908824,
            "recall": 0.7520325203252033,
            "f1": 0.7753357082332327
        },
        "HIGH": {
            "accuracy": 0.9782136105860113,
            "precision": 0.8358117781613462,
            "recall": 0.8069230769230769,
            "f1": 0.8202402184996446
        },
        "LOW": {
            "accuracy": 0.9727314814814815,
            "precision": 0.7646326264866182,
            "recall": 0.7429752066115702,
            "f1": 0.7527326665288696
        },
        "VERY_LOW": {
            "accuracy": 0.9819388576025745,
            "precision": 0.8388891332650118,
            "recall": 0.8274074074074074,
            "f1": 0.8324571820924017
        }
    },
    "HIGH": {
        "MEDIUM": {
            "accuracy": 0.9413988657844993,
            "precision": 0.6407550067516716,
            "recall": 0.621764705882353,
            "f1": 0.6305935978080571
        },
        "HIGH": {
            "accuracy": 0.9582581540596807,
            "precision": 0.7626767667135304,
            "recall": 0.743089430894309,
            "f1": 0.7523030397934626
        },
        "LOW": {
            "accuracy": 0.9590436590436591,
            "precision": 0.7355379556566998,
            "recall": 0.7229508196721312,
            "f1": 0.7285364670761508
        },
        "VERY_LOW": {
            "accuracy": 0.9544303797468354,
            "precision": 0.689235673056783,
            "recall": 0.6715151515151515,
            "f1": 0.6796698954623958
        }
    },
    "LOW": {
        "MEDIUM": {
            "accuracy": 0.9910775231594343,
            "precision": 0.9015865265089549,
            "recall": 0.8771084337349396,
            "f1": 0.888518114438754
        },
        "HIGH": {
            "accuracy": 0.989328887036265,
            "precision": 0.8948384866252189,
            "recall": 0.853398058252427,
            "f1": 0.8727397301866467
        },
        "LOW": {
            "accuracy": 0.9858691444057298,
            "precision": 0.8554042339100991,
            "recall": 0.7857142857142857,
            "f1": 0.818423331215018
        },
        "VERY_LOW": {
            "accuracy": 0.9963522476050111,
            "precision": 0.9570036098684778,
            "recall": 0.9540540540540541,
            "f1": 0.9553497292692616
        }
    },
    "VERY_LOW": {
        "MEDIUM": {
            "accuracy": 0.9970323065364388,
            "precision": 0.9621876780810655,
            "recall": 0.9521739130434781,
            "f1": 0.9568331514689541
        },
        "HIGH": {
            "accuracy": 0.9957365977205572,
            "precision": 0.9548568824941969,
            "recall": 0.9207317073170731,
            "f1": 0.9371819004939012
        },
        "LOW": {
            "accuracy": 0.9976236663433559,
            "precision": 0.9674392656135856,
            "recall": 0.9657534246575343,
            "f1": 0.9664453017601998
        },
        "VERY_LOW": {
            "accuracy": 0.9977174340810704,
            "precision": 0.9728204120349766,
            "recall": 0.9617977528089886,
            "f1": 0.9671968340806657
        }
    }
}