{
    "MEDIUM": {
        "MEDIUM": {
            "accuracy": 0.9738374823860967,
            "precision": 0.8017132348381362,
            "recall": 0.7317073170731707,
            "f1": 0.764080161265365
        },
        "HIGH": {
            "accuracy": 0.9785916824196598,
            "precision": 0.8295580069045011,
            "recall": 0.8223076923076922,
            "f1": 0.8253150385720623
        },
        "LOW": {
            "accuracy": 0.9710185185185185,
            "precision": 0.7435694412718827,
            "recall": 0.7413223140495868,
            "f1": 0.7410534371230658
        },
        "VERY_LOW": {
            "accuracy": 0.9818986323411103,
            "precision": 0.8388384686074855,
            "recall": 0.8281481481481482,
            "f1": 0.8328514258723644
        }
    },
    "HIGH": {
        "MEDIUM": {
            "accuracy": 0.9410207939508506,
            "precision": 0.6421061188164126,
            "recall": 0.6035294117647059,
            "f1": 0.6214593756404195
        },
        "HIGH": {
            "accuracy": 0.9572866065232477,
            "precision": 0.7591755570196498,
            "recall": 0.7329268292682927,
            "f1": 0.7455141984469116
        },
        "LOW": {
            "accuracy": 0.9601247401247403,
            "precision": 0.7446857354116287,
            "recall": 0.7262295081967214,
            "f1": 0.7349274502501035
        },
        "VERY_LOW": {
            "accuracy": 0.9527280663465735,
            "precision": 0.6721122692674489,
            "recall": 0.6739393939393938,
            "f1": 0.6726037823231877
        }
    },
    "LOW": {
        "MEDIUM": {
            "accuracy": 0.9913700633837152,
            "precision": 0.8937978356014933,
            "recall": 0.8939759036144579,
            "f1": 0.8933860207762425
        },
        "HIGH": {
            "accuracy": 0.9889120466861192,
            "precision": 0.8791559072975913,
            "recall": 0.8601941747572817,
            "f1": 0.8692154414279398
        },
        "LOW": {
            "accuracy": 0.9864498644986448,
            "precision": 0.8542491749392461,
            "recall": 0.8057142857142857,
            "f1": 0.8288335568725582
        },
        "VERY_LOW": {
            "accuracy": 0.9960943257184967,
            "precision": 0.9608216363189017,
            "recall": 0.9432432432432434,
            "f1": 0.9517719144896042
        }
    },
    "VERY_LOW": {
        "MEDIUM": {
            "accuracy": 0.9972201352366643,
            "precision": 0.9709528965023775,
            "recall": 0.9489130434782609,
            "f1": 0.9592808300820572
        },
        "HIGH": {
            "accuracy": 0.9956943858168004,
            "precision": 0.9502911923246928,
            "recall": 0.9256097560975611,
            "f1": 0.9373845718347287
        },
        "LOW": {
            "accuracy": 0.9973811833171679,
            "precision": 0.9688885008965101,
            "recall": 0.9575342465753426,
            "f1": 0.9628101513023692
        },
        "VERY_LOW": {
            "accuracy": 0.9981896890987798,
            "precision": 0.9720459672925339,
            "recall": 0.9775280898876403,
            "f1": 0.9743931508911571
        }
    }
}