{
    "MEDIUM": {
        "MEDIUM": {
            "accuracy": 0.9723344293095352,
            "precision": 0.7714199032706464,
            "recall": 0.7422764227642277,
            "f1": 0.7558694165071789
        },
        "HIGH": {
            "accuracy": 0.9792060491493386,
            "precision": 0.8374769725767193,
            "recall": 0.8215384615384614,
            "f1": 0.829148995916652
        },
        "LOW": {
            "accuracy": 0.9721296296296297,
            "precision": 0.7508209412272179,
            "recall": 0.7545454545454546,
            "f1": 0.7523424834626182
        },
        "VERY_LOW": {
            "accuracy": 0.981657280772325,
            "precision": 0.8392402049644723,
            "recall": 0.8207407407407408,
            "f1": 0.8294106807783634
        }
    },
    "HIGH": {
        "MEDIUM": {
            "accuracy": 0.9430056710775048,
            "precision": 0.655321783895638,
            "recall": 0.6152941176470588,
            "f1": 0.6343081448127901
        },
        "HIGH": {
            "accuracy": 0.959090909090909,
            "precision": 0.7690134601236225,
            "recall": 0.7467479674796749,
            "f1": 0.757137753200077
        },
        "LOW": {
            "accuracy": 0.9632848232848232,
            "precision": 0.7626702581696309,
            "recall": 0.7513661202185793,
            "f1": 0.7568899869994372
        },
        "VERY_LOW": {
            "accuracy": 0.9532955041466608,
            "precision": 0.6765618552159414,
            "recall": 0.6733333333333333,
            "f1": 0.674708223693579
        }
    },
    "LOW": {
        "MEDIUM": {
            "accuracy": 0.9924427108727449,
            "precision": 0.9208194142922977,
            "recall": 0.8927710843373493,
            "f1": 0.9057464289395032
        },
        "HIGH": {
            "accuracy": 0.9890787828261776,
            "precision": 0.8905706115695435,
            "recall": 0.8504854368932039,
            "f1": 0.8697527224907663
        },
        "LOW": {
            "accuracy": 0.9852497096399535,
            "precision": 0.8503118507538103,
            "recall": 0.7742857142857142,
            "f1": 0.8098811138838158
        },
        "VERY_LOW": {
            "accuracy": 0.9962417096536479,
            "precision": 0.964302500395862,
            "recall": 0.9432432432432432,
            "f1": 0.9534910090624292
        }
    },
    "VERY_LOW": {
        "MEDIUM": {
            "accuracy": 0.997182569496619,
            "precision": 0.969325155574537,
            "recall": 0.9489130434782609,
            "f1": 0.9588017532114644
        },
        "HIGH": {
            "accuracy": 0.9953989024905022,
            "precision": 0.952016342171321,
            "recall": 0.9146341463414634,
            "f1": 0.9321967551221568
        },
        "LOW": {
            "accuracy": 0.9981571290009699,
            "precision": 0.9781085950284089,
            "recall": 0.9698630136986301,
            "f1": 0.9738569821846517
        },
        "VERY_LOW": {
            "accuracy": 0.9985438803620621,
            "precision": 0.9842517266339158,
            "recall": 0.9741573033707865,
            "f1": 0.9791070891600011
        }
    }
}