{
    "MEDIUM": {
        "MEDIUM": {
            "accuracy": 0.9443870361672146,
            "precision": 0.26076839826839826,
            "recall": 0.043089430894308944,
            "f1": 0.0735578077191108
        },
        "HIGH": {
            "accuracy": 0.9448015122873347,
            "precision": 0.9007167995403289,
            "recall": 0.11538461538461539,
            "f1": 0.20355543289244724
        },
        "LOW": {
            "accuracy": 0.9499537037037038,
            "precision": 0.8859532188943952,
            "recall": 0.12231404958677686,
            "f1": 0.2136155527586127
        },
        "VERY_LOW": {
            "accuracy": 0.9527755430410298,
            "precision": 0.8510698465481956,
            "recall": 0.15999999999999998,
            "f1": 0.2684270432573612
        }
    },
    "HIGH": {
        "MEDIUM": {
            "accuracy": 0.9267958412098298,
            "precision": 0.8601581178825761,
            "recall": 0.10647058823529412,
            "f1": 0.1891049407832657
        },
        "HIGH": {
            "accuracy": 0.9204371963913948,
            "precision": 0.6929366355697497,
            "recall": 0.12317073170731707,
            "f1": 0.20892158565010308
        },
        "LOW": {
            "accuracy": 0.9271933471933472,
            "precision": 0.7670869963369963,
            "recall": 0.0639344262295082,
            "f1": 0.11750960058277585
        },
        "VERY_LOW": {
            "accuracy": 0.9333478830205151,
            "precision": 0.7762701935745413,
            "recall": 0.10363636363636364,
            "f1": 0.1819644193551258
        }
    },
    "LOW": {
        "MEDIUM": {
            "accuracy": 0.9684544124817162,
            "precision": 0.9068433001018814,
            "recall": 0.24578313253012046,
            "f1": 0.3862243025180029
        },
        "HIGH": {
            "accuracy": 0.9705710712796998,
            "precision": 0.9534462892918777,
            "recall": 0.33106796116504855,
            "f1": 0.4903056467641119
        },
        "LOW": {
            "accuracy": 0.972822299651568,
            "precision": 0.960613710813654,
            "recall": 0.3457142857142857,
            "f1": 0.5070417171364096
        },
        "VERY_LOW": {
            "accuracy": 0.9630066322770817,
            "precision": 0.18042279411764706,
            "recall": 0.10720720720720722,
            "f1": 0.13446767757382283
        }
    },
    "VERY_LOW": {
        "MEDIUM": {
            "accuracy": 0.9916228399699474,
            "precision": 0.9717600634659458,
            "recall": 0.7804347826086957,
            "f1": 0.8651588676420696
        },
        "HIGH": {
            "accuracy": 0.9918531025749262,
            "precision": 0.9654341700713985,
            "recall": 0.7939024390243903,
            "f1": 0.8701400274643761
        },
        "LOW": {
            "accuracy": 0.9953443258971871,
            "precision": 0.9838124413162704,
            "recall": 0.8835616438356164,
            "f1": 0.9306077950777336
        },
        "VERY_LOW": {
            "accuracy": 0.9953561589925226,
            "precision": 0.9899795146816158,
            "recall": 0.8764044943820224,
            "f1": 0.9295524939500048
        }
    }
}