{
    "VERY_LOW": {
        "VERY_LOW": {
            "accuracy": 0.9870916961826053,
            "precision": 0.7589151045033399,
            "recall": 0.9280898876404493,
            "f1": 0.8344664270941887
        },
        "HIGH": {
            "accuracy": 0.9753482482059941,
            "precision": 0.5949852559611741,
            "recall": 0.9146341463414634,
            "f1": 0.7201429238069625
        },
        "LOW": {
            "accuracy": 0.9854510184287101,
            "precision": 0.7206349206349205,
            "recall": 0.9671232876712328,
            "f1": 0.8253659727429626
        },
        "MEDIUM": {
            "accuracy": 0.9778362133734035,
            "precision": 0.6250751747154937,
            "recall": 0.8978260869565217,
            "f1": 0.7369511725326976
        }
    },
    "HIGH": {
        "VERY_LOW": {
            "accuracy": 0.9187254474028809,
            "precision": 0.46580410046187104,
            "recall": 0.8678787878787879,
            "f1": 0.6060912000664462
        },
        "HIGH": {
            "accuracy": 0.8157529493407356,
            "precision": 0.3148512596727716,
            "recall": 0.7439024390243902,
            "f1": 0.4349532691665729
        },
        "LOW": {
            "accuracy": 0.9156756756756756,
            "precision": 0.4698075356255126,
            "recall": 0.8415300546448087,
            "f1": 0.6029360114401661
        },
        "MEDIUM": {
            "accuracy": 0.7850661625708885,
            "precision": 0.2390225685187594,
            "recall": 0.7411764705882353,
            "f1": 0.36083101072958695
        }
    },
    "LOW": {
        "VERY_LOW": {
            "accuracy": 0.9394988946204863,
            "precision": 0.38080615735310325,
            "recall": 0.7711711711711711,
            "f1": 0.5096628912012693
        },
        "HIGH": {
            "accuracy": 0.9104626927886619,
            "precision": 0.28304178036710886,
            "recall": 0.7048543689320389,
            "f1": 0.403610731949341
        },
        "LOW": {
            "accuracy": 0.92404181184669,
            "precision": 0.3108719925027564,
            "recall": 0.7123809523809523,
            "f1": 0.43229030872689356
        },
        "MEDIUM": {
            "accuracy": 0.9268649439297902,
            "precision": 0.3875100538129355,
            "recall": 0.7060240963855422,
            "f1": 0.48405260681166984
        }
    },
    "MEDIUM": {
        "VERY_LOW": {
            "accuracy": 0.8688656476267097,
            "precision": 0.27092875015337486,
            "recall": 0.6577777777777778,
            "f1": 0.37592987516732423
        },
        "HIGH": {
            "accuracy": 0.866257088846881,
            "precision": 0.3209805902024174,
            "recall": 0.6615384615384616,
            "f1": 0.4188595655407359
        },
        "LOW": {
            "accuracy": 0.8477777777777777,
            "precision": 0.21022909950324267,
            "recall": 0.6231404958677687,
            "f1": 0.31435566747479393
        },
        "MEDIUM": {
            "accuracy": 0.8333489901362142,
            "precision": 0.19497985728906939,
            "recall": 0.6,
            "f1": 0.2941924273840625
        }
    }
}