{
    "MEDIUM": {
        "MEDIUM": {
            "accuracy": 0.9497416627524657,
            "precision": 0.9688672438672439,
            "recall": 0.13414634146341464,
            "f1": 0.23457559632633415
        },
        "HIGH": {
            "accuracy": 0.9428638941398866,
            "precision": 0.8304563492063494,
            "recall": 0.08076923076923076,
            "f1": 0.14052018042974151
        },
        "LOW": {
            "accuracy": 0.9468981481481482,
            "precision": 0.8303174603174602,
            "recall": 0.0652892561983471,
            "f1": 0.12032739371773762
        },
        "VERY_LOW": {
            "accuracy": 0.9508849557522124,
            "precision": 0.7970632807314729,
            "recall": 0.13111111111111112,
            "f1": 0.22424702178324257
        }
    },
    "HIGH": {
        "MEDIUM": {
            "accuracy": 0.925047258979206,
            "precision": 0.9819444444444445,
            "recall": 0.06823529411764706,
            "f1": 0.12702083658233485
        },
        "HIGH": {
            "accuracy": 0.9192921582234559,
            "precision": 0.7203912187328332,
            "recall": 0.09268292682926829,
            "f1": 0.16374103754527997
        },
        "LOW": {
            "accuracy": 0.925821205821206,
            "precision": 0.800515873015873,
            "recall": 0.033879781420765025,
            "f1": 0.06480346273531674
        },
        "VERY_LOW": {
            "accuracy": 0.9314273243125273,
            "precision": 0.8191200955906837,
            "recall": 0.06242424242424242,
            "f1": 0.11554617378388037
        }
    },
    "LOW": {
        "MEDIUM": {
            "accuracy": 0.9673817649926864,
            "precision": 0.869855072463768,
            "recall": 0.22771084337349395,
            "f1": 0.3596709681848748
        },
        "HIGH": {
            "accuracy": 0.972696957065444,
            "precision": 0.9531418808456753,
            "recall": 0.38252427184466015,
            "f1": 0.545081911518526
        },
        "LOW": {
            "accuracy": 0.975648470770422,
            "precision": 0.9570225170778883,
            "recall": 0.42000000000000004,
            "f1": 0.5828598714243667
        },
        "VERY_LOW": {
            "accuracy": 0.9781134856300662,
            "precision": 0.8973721675854739,
            "recall": 0.5243243243243244,
            "f1": 0.6608513125010752
        }
    },
    "VERY_LOW": {
        "MEDIUM": {
            "accuracy": 0.992787377911345,
            "precision": 0.9693761630208018,
            "recall": 0.817391304347826,
            "f1": 0.886065839214824
        },
        "HIGH": {
            "accuracy": 0.9917264668636555,
            "precision": 0.9631536386570237,
            "recall": 0.7914634146341465,
            "f1": 0.868607218946672
        },
        "LOW": {
            "accuracy": 0.9954413191076625,
            "precision": 0.9709256934375027,
            "recall": 0.8986301369863015,
            "f1": 0.9330296020693535
        },
        "VERY_LOW": {
            "accuracy": 0.9952774498229042,
            "precision": 0.9825217718162534,
            "recall": 0.8808988764044944,
            "f1": 0.9285618314639418
        }
    }
}