{
    "MEDIUM": {
        "MEDIUM": {
            "accuracy": 0.9682949741662752,
            "precision": 0.9630176690437571,
            "recall": 0.46991869918699186,
            "f1": 0.6299493018250255
        },
        "HIGH": {
            "accuracy": 0.9745746691871455,
            "precision": 0.9987654320987656,
            "recall": 0.586923076923077,
            "f1": 0.7384117814354052
        },
        "LOW": {
            "accuracy": 0.9732870370370371,
            "precision": 0.9287036121129161,
            "recall": 0.5694214876033058,
            "f1": 0.7015304304843732
        },
        "VERY_LOW": {
            "accuracy": 0.9799678197908286,
            "precision": 0.9912432928517575,
            "recall": 0.6370370370370371,
            "f1": 0.7739600530819899
        }
    },
    "HIGH": {
        "MEDIUM": {
            "accuracy": 0.9443289224952741,
            "precision": 0.9301977088123137,
            "recall": 0.33294117647058824,
            "f1": 0.48885583329391846
        },
        "HIGH": {
            "accuracy": 0.9566273421235255,
            "precision": 0.9466123938073127,
            "recall": 0.5227642276422764,
            "f1": 0.6677308997030268
        },
        "LOW": {
            "accuracy": 0.9626195426195426,
            "precision": 0.934989737075098,
            "recall": 0.5502732240437158,
            "f1": 0.6858338185638921
        },
        "VERY_LOW": {
            "accuracy": 0.9622872108249672,
            "precision": 0.9022262987479465,
            "recall": 0.5363636363636364,
            "f1": 0.6696332391058987
        }
    },
    "LOW": {
        "MEDIUM": {
            "accuracy": 0.9876157971721111,
            "precision": 0.9715918735293079,
            "recall": 0.7144578313253012,
            "f1": 0.8184093776223401
        },
        "HIGH": {
            "accuracy": 0.9884118382659441,
            "precision": 0.9871948973012803,
            "recall": 0.7407766990291261,
            "f1": 0.8427579756367448
        },
        "LOW": {
            "accuracy": 0.978087495160666,
            "precision": 0.9621820748113654,
            "recall": 0.4809523809523809,
            "f1": 0.6395062642979019
        },
        "VERY_LOW": {
            "accuracy": 0.9918570375829034,
            "precision": 0.9960390438688925,
            "recall": 0.8036036036036036,
            "f1": 0.8860010406401182
        }
    },
    "VERY_LOW": {
        "MEDIUM": {
            "accuracy": 0.9935386927122465,
            "precision": 0.9705640492006008,
            "recall": 0.8391304347826086,
            "f1": 0.8996494354349649
        },
        "HIGH": {
            "accuracy": 0.9914309835373574,
            "precision": 0.9605711523001919,
            "recall": 0.7853658536585366,
            "f1": 0.8629655327578666
        },
        "LOW": {
            "accuracy": 0.9952958292919496,
            "precision": 0.9682694690270178,
            "recall": 0.8972602739726027,
            "f1": 0.9309585296692126
        },
        "VERY_LOW": {
            "accuracy": 0.9950019677292404,
            "precision": 0.9765819880852087,
            "recall": 0.8786516853932584,
            "f1": 0.9246179280615341
        }
    }
}