{
    "MEDIUM": {
        "MEDIUM": {
            "accuracy": 0.944762799436355,
            "precision": 0.28695652173913044,
            "recall": 0.046341463414634146,
            "f1": 0.07965500253171486
        },
        "HIGH": {
            "accuracy": 0.9425803402646503,
            "precision": 0.7759519281887702,
            "recall": 0.08923076923076922,
            "f1": 0.15917796011615132
        },
        "LOW": {
            "accuracy": 0.9483333333333335,
            "precision": 0.8281196581196582,
            "recall": 0.09834710743801653,
            "f1": 0.1751955381482853
        },
        "VERY_LOW": {
            "accuracy": 0.9526548672566373,
            "precision": 0.8380910298586219,
            "recall": 0.15999999999999998,
            "f1": 0.2682414600028397
        }
    },
    "HIGH": {
        "MEDIUM": {
            "accuracy": 0.9263705103969754,
            "precision": 0.8712857861093155,
            "recall": 0.09764705882352942,
            "f1": 0.17518762078290426
        },
        "HIGH": {
            "accuracy": 0.921443442054129,
            "precision": 0.718682426308826,
            "recall": 0.1317073170731707,
            "f1": 0.22185510570765626
        },
        "LOW": {
            "accuracy": 0.9263201663201663,
            "precision": 0.6325359827476532,
            "recall": 0.07923497267759562,
            "f1": 0.14041313918469864
        },
        "VERY_LOW": {
            "accuracy": 0.9333042339589699,
            "precision": 0.7834285483141318,
            "recall": 0.10242424242424245,
            "f1": 0.1804745547285021
        }
    },
    "LOW": {
        "MEDIUM": {
            "accuracy": 0.9668941979522184,
            "precision": 0.8997214006884218,
            "recall": 0.20722891566265061,
            "f1": 0.33454138792538207
        },
        "HIGH": {
            "accuracy": 0.9728220091704877,
            "precision": 0.9600192727608625,
            "recall": 0.3834951456310679,
            "f1": 0.5465062212386209
        },
        "LOW": {
            "accuracy": 0.9750677506775067,
            "precision": 0.9287261035661987,
            "recall": 0.41904761904761906,
            "f1": 0.5770229029355404
        },
        "VERY_LOW": {
            "accuracy": 0.9637803979366248,
            "precision": 0.2628635233213216,
            "recall": 0.13333333333333333,
            "f1": 0.17671855133095446
        }
    },
    "VERY_LOW": {
        "MEDIUM": {
            "accuracy": 0.9904207362885049,
            "precision": 0.9615633816671307,
            "recall": 0.7532608695652174,
            "f1": 0.8441039513682448
        },
        "HIGH": {
            "accuracy": 0.9919375263824397,
            "precision": 0.9692520653135176,
            "recall": 0.7926829268292683,
            "f1": 0.8717313082779983
        },
        "LOW": {
            "accuracy": 0.9953928225024249,
            "precision": 0.9849387397428442,
            "recall": 0.8835616438356164,
            "f1": 0.930999170203456
        },
        "VERY_LOW": {
            "accuracy": 0.9949626131444314,
            "precision": 0.9812613710201429,
            "recall": 0.8730337078651684,
            "f1": 0.9237544411903388
        }
    }
}