{
    "VERY_LOW": {
        "VERY_LOW": {
            "accuracy": 0.994254230617867,
            "precision": 0.991414900106756,
            "recall": 0.8438202247191011,
            "f1": 0.9109723305716834
        },
        "HIGH": {
            "accuracy": 0.9773744195863234,
            "precision": 0.848256000558823,
            "recall": 0.8573170731707318,
            "f1": 0.8105285479804223
        },
        "MEDIUM": {
            "accuracy": 0.9931630353117956,
            "precision": 0.9866499052085149,
            "recall": 0.8152173913043479,
            "f1": 0.889783659002573
        },
        "LOW": {
            "accuracy": 0.9962657613967021,
            "precision": 0.997056277056277,
            "recall": 0.8972602739726028,
            "f1": 0.9439481841340631
        }
    },
    "HIGH": {
        "VERY_LOW": {
            "accuracy": 0.8999127018769097,
            "precision": 0.8377851272805751,
            "recall": 0.46848484848484856,
            "f1": 0.5115141462446893
        },
        "HIGH": {
            "accuracy": 0.9581540596807772,
            "precision": 0.8763680298054402,
            "recall": 0.6304878048780488,
            "f1": 0.7184910675361011
        },
        "MEDIUM": {
            "accuracy": 0.851843100189036,
            "precision": 0.7946678260600556,
            "recall": 0.32294117647058823,
            "f1": 0.27210474445094873
        },
        "LOW": {
            "accuracy": 0.9516008316008318,
            "precision": 0.8885130553488789,
            "recall": 0.47595628415300545,
            "f1": 0.5907927545597562
        }
    },
    "MEDIUM": {
        "VERY_LOW": {
            "accuracy": 0.8986725663716815,
            "precision": 0.9042768922406793,
            "recall": 0.5562962962962963,
            "f1": 0.6144167515764558
        },
        "HIGH": {
            "accuracy": 0.9681474480151231,
            "precision": 1.0,
            "recall": 0.4815384615384616,
            "f1": 0.6291507185266224
        },
        "MEDIUM": {
            "accuracy": 0.8701268201033349,
            "precision": 0.905868320610687,
            "recall": 0.3560975609756098,
            "f1": 0.39509672813730556
        },
        "LOW": {
            "accuracy": 0.8867592592592592,
            "precision": 0.8166982838961792,
            "recall": 0.5818181818181818,
            "f1": 0.5968193368164172
        }
    },
    "LOW": {
        "VERY_LOW": {
            "accuracy": 0.9855195283714074,
            "precision": 1.0,
            "recall": 0.645945945945946,
            "f1": 0.7831157856111449
        },
        "HIGH": {
            "accuracy": 0.8891621508962068,
            "precision": 0.9017425799086759,
            "recall": 0.5883495145631068,
            "f1": 0.6370740366416168
        },
        "MEDIUM": {
            "accuracy": 0.911360312042906,
            "precision": 0.9034704718540804,
            "recall": 0.5253012048192771,
            "f1": 0.5839104603294165
        },
        "LOW": {
            "accuracy": 0.913666279519938,
            "precision": 0.8815562298087837,
            "recall": 0.46952380952380957,
            "f1": 0.5222850496709525
        }
    }
}