{
    "MEDIUM": {
        "MEDIUM": {
            "accuracy": 0.9422263973696572,
            "precision": 0.0,
            "recall": 0.0,
            "f1": 0.0
        },
        "LOW": {
            "accuracy": 0.8587037037037037,
            "precision": 0.005806142034548945,
            "recall": 0.1,
            "f1": 0.010975056689342403
        },
        "HIGH": {
            "accuracy": 0.9392249527410208,
            "precision": 0.07058823529411765,
            "recall": 0.018461538461538463,
            "f1": 0.029268292682926828
        },
        "VERY_LOW": {
            "accuracy": 0.9456958970233307,
            "precision": 0.0,
            "recall": 0.0,
            "f1": 0.0
        }
    },
    "LOW": {
        "MEDIUM": {
            "accuracy": 0.9634812286689419,
            "precision": 0.9,
            "recall": 0.09759036144578313,
            "f1": 0.17544283426266838
        },
        "LOW": {
            "accuracy": 0.967518389469609,
            "precision": 0.9894927536231884,
            "recall": 0.2066666666666667,
            "f1": 0.30788767255247845
        },
        "HIGH": {
            "accuracy": 0.9625677365568986,
            "precision": 1.0,
            "recall": 0.12815533980582522,
            "f1": 0.2159188948166845
        },
        "VERY_LOW": {
            "accuracy": 0.9722181282240235,
            "precision": 0.9105474258668984,
            "recall": 0.3954954954954955,
            "f1": 0.523275825324074
        }
    },
    "HIGH": {
        "MEDIUM": {
            "accuracy": 0.8391776937618147,
            "precision": 0.008321096426823299,
            "recall": 0.1,
            "f1": 0.01536375960234975
        },
        "LOW": {
            "accuracy": 0.8407900207900207,
            "precision": 0.00773784355179704,
            "recall": 0.1,
            "f1": 0.014364207221350078
        },
        "HIGH": {
            "accuracy": 0.7717904233171409,
            "precision": 0.1191381238479396,
            "recall": 0.19959349593495934,
            "f1": 0.038099207832510515
        },
        "VERY_LOW": {
            "accuracy": 0.9279790484504582,
            "precision": 0.0,
            "recall": 0.0,
            "f1": 0.0
        }
    },
    "VERY_LOW": {
        "MEDIUM": {
            "accuracy": 0.9821938392186326,
            "precision": 0.9144191435012823,
            "recall": 0.7467391304347826,
            "f1": 0.791487139045967
        },
        "LOW": {
            "accuracy": 0.994325897187197,
            "precision": 0.9971830985915492,
            "recall": 0.8424657534246576,
            "f1": 0.9102042168745331
        },
        "HIGH": {
            "accuracy": 0.9906711692697341,
            "precision": 0.9769091982364786,
            "recall": 0.751219512195122,
            "f1": 0.8470236951797501
        },
        "VERY_LOW": {
            "accuracy": 0.9938213301849667,
            "precision": 0.9797497988414726,
            "recall": 0.8426966292134832,
            "f1": 0.9046775937810303
        }
    }
}