{
    "MEDIUM": {
        "MEDIUM": {
            "accuracy": 0.9426021606387975,
            "precision": 0.2,
            "recall": 0.006504065040650407,
            "f1": 0.012502325581395348
        },
        "LOW": {
            "accuracy": 0.9439814814814815,
            "precision": 0.0,
            "recall": 0.0,
            "f1": 0.0
        },
        "HIGH": {
            "accuracy": 0.9386578449905482,
            "precision": 0.1,
            "recall": 0.0015384615384615385,
            "f1": 0.0030303030303030307
        },
        "VERY_LOW": {
            "accuracy": 0.7767497988736928,
            "precision": 0.11139489726045075,
            "recall": 0.20148148148148146,
            "f1": 0.02448035168110399
        }
    },
    "LOW": {
        "MEDIUM": {
            "accuracy": 0.9612384202827888,
            "precision": 0.9,
            "recall": 0.04216867469879517,
            "f1": 0.07958458929731159
        },
        "LOW": {
            "accuracy": 0.9556716995741386,
            "precision": 0.9143274426756243,
            "recall": 0.3076190476190476,
            "f1": 0.38318737731599933
        },
        "HIGH": {
            "accuracy": 0.9605669028761985,
            "precision": 0.9,
            "recall": 0.08155339805825243,
            "f1": 0.14435461656479534
        },
        "VERY_LOW": {
            "accuracy": 0.9016580692704494,
            "precision": 0.8190452558194494,
            "recall": 0.43873873873873875,
            "f1": 0.412849070945589
        }
    },
    "HIGH": {
        "MEDIUM": {
            "accuracy": 0.9196597353497165,
            "precision": 0.0,
            "recall": 0.0,
            "f1": 0.0
        },
        "LOW": {
            "accuracy": 0.8634927234927237,
            "precision": 0.1810365228366333,
            "recall": 0.10382513661202186,
            "f1": 0.033245195945893945
        },
        "HIGH": {
            "accuracy": 0.9157182512144345,
            "precision": 0.3735294117647059,
            "recall": 0.016260162601626015,
            "f1": 0.029803111364067537
        },
        "VERY_LOW": {
            "accuracy": 0.9279790484504582,
            "precision": 0.0,
            "recall": 0.0,
            "f1": 0.0
        }
    },
    "VERY_LOW": {
        "MEDIUM": {
            "accuracy": 0.9831705484598047,
            "precision": 0.9199953913189207,
            "recall": 0.6804347826086957,
            "f1": 0.7545042391312877
        },
        "LOW": {
            "accuracy": 0.9907371483996119,
            "precision": 0.9614478114478114,
            "recall": 0.7945205479452054,
            "f1": 0.8584421778855275
        },
        "HIGH": {
            "accuracy": 0.9845926551287464,
            "precision": 0.9303736102916023,
            "recall": 0.7182926829268291,
            "f1": 0.7846235774651211
        },
        "VERY_LOW": {
            "accuracy": 0.9924832743014562,
            "precision": 0.9965517241379309,
            "recall": 0.78876404494382,
            "f1": 0.8773269622637084
        }
    }
}