{
    "LOW": {
        "LOW": {
            "accuracy": 0.9905536198219126,
            "precision": 0.8783217167162121,
            "recall": 0.8914285714285715,
            "f1": 0.8846693387864072
        },
        "MEDIUM": {
            "accuracy": 0.9884934178449537,
            "precision": 0.7983153251591899,
            "recall": 0.9590361445783133,
            "f1": 0.8711820462601818
        },
        "HIGH": {
            "accuracy": 0.9800750312630262,
            "precision": 0.7061630160065554,
            "recall": 0.9223300970873787,
            "f1": 0.7994142197131564
        },
        "VERY_LOW": {
            "accuracy": 0.9893146647015476,
            "precision": 0.8266533972630284,
            "recall": 0.9351351351351351,
            "f1": 0.8773034785524374
        }
    },
    "MEDIUM": {
        "LOW": {
            "accuracy": 0.9581481481481481,
            "precision": 0.5851601805042687,
            "recall": 0.8892561983471076,
            "f1": 0.704740642011411
        },
        "MEDIUM": {
            "accuracy": 0.9044621888210427,
            "precision": 0.3563733772030202,
            "recall": 0.8032520325203251,
            "f1": 0.49289758524815996
        },
        "HIGH": {
            "accuracy": 0.970982986767486,
            "precision": 0.7045618812573521,
            "recall": 0.9153846153846154,
            "f1": 0.79545722697811
        },
        "VERY_LOW": {
            "accuracy": 0.9711987127916331,
            "precision": 0.6749124307680285,
            "recall": 0.9111111111111111,
            "f1": 0.7748165716325005
        }
    },
    "HIGH": {
        "LOW": {
            "accuracy": 0.9623284823284826,
            "precision": 0.7026303599443775,
            "recall": 0.8808743169398907,
            "f1": 0.7810215947157851
        },
        "MEDIUM": {
            "accuracy": 0.8708884688090738,
            "precision": 0.36571018829004465,
            "recall": 0.8223529411764705,
            "f1": 0.5059809194477798
        },
        "HIGH": {
            "accuracy": 0.9384455239417072,
            "precision": 0.5963903569695949,
            "recall": 0.8691056910569106,
            "f1": 0.7071195912501619
        },
        "VERY_LOW": {
            "accuracy": 0.9400261894369273,
            "precision": 0.553460597555884,
            "recall": 0.8678787878787879,
            "f1": 0.6758398002063254
        }
    },
    "VERY_LOW": {
        "LOW": {
            "accuracy": 0.9997090203685742,
            "precision": 0.9945945945945945,
            "recall": 0.9972602739726029,
            "f1": 0.9958996012197983
        },
        "MEDIUM": {
            "accuracy": 0.9977460555972952,
            "precision": 0.9614260988929008,
            "recall": 0.9739130434782608,
            "f1": 0.9676136866178942
        },
        "HIGH": {
            "accuracy": 0.9980582524271844,
            "precision": 0.9557730880409355,
            "recall": 0.9902439024390244,
            "f1": 0.9725808367927868
        },
        "VERY_LOW": {
            "accuracy": 0.9974025974025974,
            "precision": 0.9405935562067288,
            "recall": 0.9887640449438202,
            "f1": 0.9639522492424788
        }
    }
}