{
    "MEDIUM": {
        "MEDIUM": {
            "accuracy": 0.9424612494128699,
            "precision": 0.1,
            "recall": 0.004065040650406504,
            "f1": 0.0078125
        },
        "LOW": {
            "accuracy": 0.881111111111111,
            "precision": 0.007025316455696202,
            "recall": 0.09173553719008265,
            "f1": 0.013051146384479717
        },
        "HIGH": {
            "accuracy": 0.9385633270321361,
            "precision": 0.0,
            "recall": 0.0,
            "f1": 0.0
        },
        "VERY_LOW": {
            "accuracy": 0.9186645213193888,
            "precision": 0.11231802911534154,
            "recall": 0.08222222222222222,
            "f1": 0.022871366445410848
        }
    },
    "LOW": {
        "MEDIUM": {
            "accuracy": 0.9631886884446612,
            "precision": 0.99375,
            "recall": 0.09156626506024097,
            "f1": 0.16379379981328263
        },
        "LOW": {
            "accuracy": 0.9097173828881144,
            "precision": 0.9060233918128656,
            "recall": 0.3095238095238095,
            "f1": 0.34817214554750653
        },
        "HIGH": {
            "accuracy": 0.8253438932888703,
            "precision": 0.8016730888899243,
            "recall": 0.2990291262135922,
            "f1": 0.1893186957618735
        },
        "VERY_LOW": {
            "accuracy": 0.9752763448784082,
            "precision": 0.9447094692961929,
            "recall": 0.4288288288288288,
            "f1": 0.576579528270693
        }
    },
    "HIGH": {
        "MEDIUM": {
            "accuracy": 0.7577977315689981,
            "precision": 0.03268994642974376,
            "recall": 0.2705882352941177,
            "f1": 0.05812754063069745
        },
        "LOW": {
            "accuracy": 0.923908523908524,
            "precision": 0.0,
            "recall": 0.0,
            "f1": 0.0
        },
        "HIGH": {
            "accuracy": 0.8334142956280362,
            "precision": 0.08367724867724868,
            "recall": 0.10121951219512196,
            "f1": 0.01836884128529698
        },
        "VERY_LOW": {
            "accuracy": 0.8458751636839809,
            "precision": 0.0724424898511502,
            "recall": 0.10787878787878788,
            "f1": 0.027907958336169925
        }
    },
    "VERY_LOW": {
        "MEDIUM": {
            "accuracy": 0.99053343350864,
            "precision": 0.9856333943833944,
            "recall": 0.7380434782608696,
            "f1": 0.8425118582146058
        },
        "LOW": {
            "accuracy": 0.9934529582929195,
            "precision": 0.9743589743589745,
            "recall": 0.8424657534246576,
            "f1": 0.8986558532332438
        },
        "HIGH": {
            "accuracy": 0.9881806669480794,
            "precision": 0.9813725490196079,
            "recall": 0.676829268292683,
            "f1": 0.7959690356598538
        },
        "VERY_LOW": {
            "accuracy": 0.9920110192837466,
            "precision": 0.9835051546391753,
            "recall": 0.7898876404494383,
            "f1": 0.8728483293453285
        }
    }
}