{
    "VERY_LOW": {
        "VERY_LOW": {
            "accuracy": 0.9953168044077134,
            "precision": 1.0,
            "recall": 0.8662921348314606,
            "f1": 0.9280549608166291
        },
        "HIGH": {
            "accuracy": 0.9913887716336006,
            "precision": 0.9946508941129194,
            "recall": 0.7560975609756098,
            "f1": 0.8541882552794464
        },
        "MEDIUM": {
            "accuracy": 0.992374154770849,
            "precision": 0.9538011695906432,
            "recall": 0.8652173913043478,
            "f1": 0.8953447332837519
        },
        "LOW": {
            "accuracy": 0.9977691561590687,
            "precision": 0.9986301369863014,
            "recall": 0.9383561643835616,
            "f1": 0.9669912052897729
        }
    },
    "HIGH": {
        "VERY_LOW": {
            "accuracy": 0.9537756438236578,
            "precision": 0.7968955654898809,
            "recall": 0.5260606060606061,
            "f1": 0.6147904741404984
        },
        "HIGH": {
            "accuracy": 0.9559333795975018,
            "precision": 0.8861897495937366,
            "recall": 0.5528455284552846,
            "f1": 0.6706492336099852
        },
        "MEDIUM": {
            "accuracy": 0.8709357277882799,
            "precision": 0.8470405573744616,
            "recall": 0.3752941176470588,
            "f1": 0.41907975327583413
        },
        "LOW": {
            "accuracy": 0.9562577962577962,
            "precision": 0.8315394379537615,
            "recall": 0.6229508196721312,
            "f1": 0.6760454010337905
        }
    },
    "MEDIUM": {
        "VERY_LOW": {
            "accuracy": 0.9828238133547866,
            "precision": 0.9888876826086129,
            "recall": 0.6940740740740741,
            "f1": 0.8094341337367001
        },
        "HIGH": {
            "accuracy": 0.9765595463137997,
            "precision": 0.9720238095238095,
            "recall": 0.6546153846153844,
            "f1": 0.7705521075137273
        },
        "MEDIUM": {
            "accuracy": 0.8790981681540628,
            "precision": 0.8920897881562315,
            "recall": 0.5349593495934959,
            "f1": 0.5864903767201535
        },
        "LOW": {
            "accuracy": 0.9677314814814816,
            "precision": 0.8369416813311839,
            "recall": 0.5256198347107438,
            "f1": 0.6439843830582559
        }
    },
    "LOW": {
        "VERY_LOW": {
            "accuracy": 0.9894620486366985,
            "precision": 0.9942307692307694,
            "recall": 0.7477477477477478,
            "f1": 0.8497990105884737
        },
        "HIGH": {
            "accuracy": 0.9838265944143394,
            "precision": 0.9986301369863014,
            "recall": 0.624271844660194,
            "f1": 0.7661567428166285
        },
        "MEDIUM": {
            "accuracy": 0.9848366650414431,
            "precision": 0.9613706989198345,
            "recall": 0.6674698795180724,
            "f1": 0.7708499858394643
        },
        "LOW": {
            "accuracy": 0.9737901664730932,
            "precision": 0.958599992461933,
            "recall": 0.38190476190476197,
            "f1": 0.5248917489819516
        }
    }
}