{
    "HIGH": {
        "HIGH": {
            "accuracy": 0.9074305555555556,
            "precision": 0.394731205093946,
            "recall": 0.7525,
            "f1": 0.6178174779234537
        },
        "VERY_LOW": {
            "accuracy": 0.9197379912663756,
            "precision": 0.3866282701623168,
            "recall": 0.6313253012048191,
            "f1": 0.5795425135937193
        },
        "MEDIUM": {
            "accuracy": 0.9090823084200569,
            "precision": 0.38424916153811056,
            "recall": 0.6729411764705883,
            "f1": 0.5891334156329722
        },
        "LOW": {
            "accuracy": 0.894675540765391,
            "precision": 0.3269911917931149,
            "recall": 0.6527472527472528,
            "f1": 0.5357042862040715
        }
    },
    "VERY_LOW": {
        "HIGH": {
            "accuracy": 0.9934121621621621,
            "precision": 0.8619289978943678,
            "recall": 0.7375,
            "f1": 0.8943489721430357
        },
        "VERY_LOW": {
            "accuracy": 0.9978740157480315,
            "precision": 0.8785714285714284,
            "recall": 0.8581395348837211,
            "f1": 0.968235294117647
        },
        "MEDIUM": {
            "accuracy": 0.9957142857142856,
            "precision": 0.8798418972332017,
            "recall": 0.8020408163265307,
            "f1": 0.9390492359932088
        },
        "LOW": {
            "accuracy": 0.9946653734238605,
            "precision": 0.9503667953667954,
            "recall": 0.9026315789473683,
            "f1": 0.9257968653585094
        }
    },
    "MEDIUM": {
        "HIGH": {
            "accuracy": 0.9785241248817407,
            "precision": 0.6833468286664635,
            "recall": 0.8076923076923078,
            "f1": 0.840177442574501
        },
        "VERY_LOW": {
            "accuracy": 0.9846215780998391,
            "precision": 0.8278009275951662,
            "recall": 0.6915492957746479,
            "f1": 0.8534825029473752
        },
        "MEDIUM": {
            "accuracy": 0.955639097744361,
            "precision": 0.5601790418567629,
            "recall": 0.46557377049180326,
            "f1": 0.5990677946745004
        },
        "LOW": {
            "accuracy": 0.8853722582638245,
            "precision": 0.282754221911493,
            "recall": 0.7283333333333333,
            "f1": 0.4073496825751722
        }
    },
    "LOW": {
        "HIGH": {
            "accuracy": 0.9832360300250208,
            "precision": 0.7424546709329317,
            "recall": 0.6431372549019608,
            "f1": 0.7890617287732133
        },
        "VERY_LOW": {
            "accuracy": 0.9921828908554572,
            "precision": 0.8463393326803432,
            "recall": 0.7518518518518518,
            "f1": 0.8961146880686777
        },
        "MEDIUM": {
            "accuracy": 0.9901463414634147,
            "precision": 0.8523470839260312,
            "recall": 0.7155555555555555,
            "f1": 0.8779606229797239
        },
        "LOW": {
            "accuracy": 0.9795507358636716,
            "precision": 0.8288036972297264,
            "recall": 0.45000000000000007,
            "f1": 0.6831598251995479
        }
    }
}