{
    "MEDIUM": {
        "MEDIUM": {
            "accuracy": 0.9723684210526315,
            "precision": 0.5821109821551973,
            "recall": 0.528,
            "f1": 0.7536284409183797
        },
        "LOW": {
            "accuracy": 0.9488652153774897,
            "precision": 0.3678160170620017,
            "recall": 0.685,
            "f1": 0.6786094356985255
        },
        "VERY_LOW": {
            "accuracy": 0.987122736418511,
            "precision": 0.7027307963354474,
            "recall": 0.6594202898550725,
            "f1": 0.8803644567098144
        },
        "HIGH": {
            "accuracy": 0.980614657210402,
            "precision": 0.6591958055487483,
            "recall": 0.6227272727272727,
            "f1": 0.8403460472140409
        }
    },
    "LOW": {
        "MEDIUM": {
            "accuracy": 0.994048780487805,
            "precision": 0.7668597225559252,
            "recall": 0.689655172413793,
            "f1": 0.9261907942190046
        },
        "LOW": {
            "accuracy": 0.9855151045701007,
            "precision": 0.6886795477919467,
            "recall": 0.5295238095238095,
            "f1": 0.7985876263124105
        },
        "VERY_LOW": {
            "accuracy": 0.9957242904533727,
            "precision": 0.7589273112208892,
            "recall": 0.7345454545454546,
            "f1": 0.9464345154269619
        },
        "HIGH": {
            "accuracy": 0.9889908256880734,
            "precision": 0.6856008030990267,
            "recall": 0.6590476190476191,
            "f1": 0.8719598266772159
        }
    },
    "VERY_LOW": {
        "MEDIUM": {
            "accuracy": 0.9961668545659528,
            "precision": 0.7731999907981816,
            "recall": 0.7178947368421053,
            "f1": 0.9444346004987757
        },
        "LOW": {
            "accuracy": 0.997478176527643,
            "precision": 0.970047101896417,
            "recall": 0.9594594594594594,
            "f1": 0.9646988895521185
        },
        "VERY_LOW": {
            "accuracy": 0.9967716535433071,
            "precision": 0.736899897854954,
            "recall": 0.7694117647058822,
            "f1": 0.95280047837353
        },
        "HIGH": {
            "accuracy": 0.9941722972972972,
            "precision": 0.7405011889518931,
            "recall": 0.6824999999999999,
            "f1": 0.909968869954022
        }
    },
    "HIGH": {
        "MEDIUM": {
            "accuracy": 0.9396690307328605,
            "precision": 0.4203635458363265,
            "recall": 0.5578947368421053,
            "f1": 0.6794241451350553
        },
        "LOW": {
            "accuracy": 0.9436772046589018,
            "precision": 0.41736141710663155,
            "recall": 0.6254143646408841,
            "f1": 0.700619328786959
        },
        "VERY_LOW": {
            "accuracy": 0.943580786026201,
            "precision": 0.4115796416655607,
            "recall": 0.5523809523809524,
            "f1": 0.6716513949349066
        },
        "HIGH": {
            "accuracy": 0.7442554668517876,
            "precision": 0.4493892218740033,
            "recall": 0.6329218106995885,
            "f1": 0.5255886307563016
        }
    }
}