{
    "MEDIUM": {
        "MEDIUM": {
            "accuracy": 0.9647556390977444,
            "precision": 0.5048028300575856,
            "recall": 0.4976,
            "f1": 0.7001878232525105
        },
        "HIGH": {
            "accuracy": 0.980047281323877,
            "precision": 0.6245360289323441,
            "recall": 0.6681818181818182,
            "f1": 0.8456043582744905
        },
        "LOW": {
            "accuracy": 0.9485873089393237,
            "precision": 0.36591308359572117,
            "recall": 0.67,
            "f1": 0.6733056578145076
        },
        "VERY_LOW": {
            "accuracy": 0.9858350100603621,
            "precision": 0.6940826873385013,
            "recall": 0.6434782608695653,
            "f1": 0.8676190664697397
        }
    },
    "HIGH": {
        "MEDIUM": {
            "accuracy": 0.9403309692671395,
            "precision": 0.4262605494352442,
            "recall": 0.5017543859649123,
            "f1": 0.6609053223580117
        },
        "HIGH": {
            "accuracy": 0.7418257549461993,
            "precision": 0.4398985567604806,
            "recall": 0.6082304526748972,
            "f1": 0.5105367344129703
        },
        "LOW": {
            "accuracy": 0.9443427620632278,
            "precision": 0.42146528337152417,
            "recall": 0.5966850828729282,
            "f1": 0.693993851532009
        },
        "VERY_LOW": {
            "accuracy": 0.946113537117904,
            "precision": 0.42675094217871534,
            "recall": 0.5226190476190475,
            "f1": 0.6698344967977297
        }
    },
    "LOW": {
        "MEDIUM": {
            "accuracy": 0.9934634146341462,
            "precision": 0.7502437880918894,
            "recall": 0.6919540229885056,
            "f1": 0.9199016768528349
        },
        "HIGH": {
            "accuracy": 0.9904086738949125,
            "precision": 0.7034275523817304,
            "recall": 0.6742857142857143,
            "f1": 0.8883919998350226
        },
        "LOW": {
            "accuracy": 0.9845081332300541,
            "precision": 0.6954041063413811,
            "recall": 0.49333333333333335,
            "f1": 0.7771624746513692
        },
        "VERY_LOW": {
            "accuracy": 0.9957242904533727,
            "precision": 0.7675475511703151,
            "recall": 0.7254545454545454,
            "f1": 0.9457955377402522
        }
    },
    "VERY_LOW": {
        "MEDIUM": {
            "accuracy": 0.9963171739947387,
            "precision": 0.7772965024127364,
            "recall": 0.7178947368421053,
            "f1": 0.9463991342466039
        },
        "HIGH": {
            "accuracy": 0.9956081081081081,
            "precision": 0.7801493930905696,
            "recall": 0.6875,
            "f1": 0.9307994310099573
        },
        "LOW": {
            "accuracy": 0.9969932104752667,
            "precision": 0.9971014492753623,
            "recall": 0.918918918918919,
            "f1": 0.9564069733083818
        },
        "VERY_LOW": {
            "accuracy": 0.997007874015748,
            "precision": 0.7431521726368684,
            "recall": 0.7694117647058824,
            "f1": 0.9560418607741431
        }
    }
}