{
    "HIGH": {
        "HIGH": {
            "accuracy": 0.8741666666666668,
            "precision": 0.39518998426356433,
            "recall": 0.7566666666666666,
            "f1": 0.5191986021032979
        },
        "VERY_LOW": {
            "accuracy": 0.9181659388646288,
            "precision": 0.3803289428948104,
            "recall": 0.6240963855421686,
            "f1": 0.5726047968763688
        },
        "MEDIUM": {
            "accuracy": 0.9086092715231789,
            "precision": 0.3813623648002958,
            "recall": 0.6564705882352941,
            "f1": 0.5824238769441817
        },
        "LOW": {
            "accuracy": 0.8689267886855241,
            "precision": 0.3250842995514544,
            "recall": 0.6516483516483517,
            "f1": 0.4337559379030112
        }
    },
    "VERY_LOW": {
        "HIGH": {
            "accuracy": 0.9925675675675676,
            "precision": 0.8527149117222648,
            "recall": 0.72,
            "f1": 0.8802290011713227
        },
        "VERY_LOW": {
            "accuracy": 0.9978740157480315,
            "precision": 0.8785714285714284,
            "recall": 0.8581395348837211,
            "f1": 0.968235294117647
        },
        "MEDIUM": {
            "accuracy": 0.9960150375939849,
            "precision": 0.8800395256916996,
            "recall": 0.810204081632653,
            "f1": 0.9435766836445953
        },
        "LOW": {
            "accuracy": 0.9948593598448106,
            "precision": 0.948327914380546,
            "recall": 0.9105263157894736,
            "f1": 0.928893119507395
        }
    },
    "MEDIUM": {
        "HIGH": {
            "accuracy": 0.9803216650898771,
            "precision": 0.694859544630364,
            "recall": 0.8230769230769232,
            "f1": 0.8535112066038048
        },
        "VERY_LOW": {
            "accuracy": 0.9847020933977456,
            "precision": 0.8277589081258204,
            "recall": 0.6929577464788732,
            "f1": 0.8543472758970715
        },
        "MEDIUM": {
            "accuracy": 0.9495300751879701,
            "precision": 0.5009270210554909,
            "recall": 0.46229508196721314,
            "f1": 0.5681568395842836
        },
        "LOW": {
            "accuracy": 0.8863917207290702,
            "precision": 0.2850120304254111,
            "recall": 0.7283333333333333,
            "f1": 0.4096874572220181
        }
    },
    "LOW": {
        "HIGH": {
            "accuracy": 0.98348623853211,
            "precision": 0.7506909627839861,
            "recall": 0.6392156862745099,
            "f1": 0.790399086683765
        },
        "VERY_LOW": {
            "accuracy": 0.9924041297935103,
            "precision": 0.8508887250552395,
            "recall": 0.7537037037037037,
            "f1": 0.8990741666481246
        },
        "MEDIUM": {
            "accuracy": 0.9902439024390244,
            "precision": 0.8524893314366999,
            "recall": 0.7177777777777777,
            "f1": 0.8793417572729944
        },
        "LOW": {
            "accuracy": 0.9790859798605732,
            "precision": 0.8242036124794746,
            "recall": 0.44074074074074066,
            "f1": 0.6742657039307055
        }
    }
}