{
    "HIGH": {
        "HIGH": {
            "accuracy": 0.8731249999999999,
            "precision": 0.3921891371722945,
            "recall": 0.7541666666666665,
            "f1": 0.5160171989920334
        },
        "VERY_LOW": {
            "accuracy": 0.9181659388646288,
            "precision": 0.3802868151250634,
            "recall": 0.6228915662650601,
            "f1": 0.5722082369528021
        },
        "MEDIUM": {
            "accuracy": 0.9084200567644277,
            "precision": 0.38195443471792123,
            "recall": 0.6705882352941177,
            "f1": 0.586664945610595
        },
        "LOW": {
            "accuracy": 0.8941763727121461,
            "precision": 0.3250336169478242,
            "recall": 0.6472527472527474,
            "f1": 0.5327372682561764
        }
    },
    "VERY_LOW": {
        "HIGH": {
            "accuracy": 0.9921452702702702,
            "precision": 0.8624162188386327,
            "recall": 0.6975,
            "f1": 0.8702845064172184
        },
        "VERY_LOW": {
            "accuracy": 0.9978740157480315,
            "precision": 0.8785714285714284,
            "recall": 0.8581395348837211,
            "f1": 0.968235294117647
        },
        "MEDIUM": {
            "accuracy": 0.9957894736842106,
            "precision": 0.8798924022837067,
            "recall": 0.8040816326530613,
            "f1": 0.9401931389902346
        },
        "LOW": {
            "accuracy": 0.9944713870029096,
            "precision": 0.9403623924676555,
            "recall": 0.9078947368421051,
            "f1": 0.9237035535896387
        }
    },
    "MEDIUM": {
        "HIGH": {
            "accuracy": 0.9798486281929989,
            "precision": 0.6949551223496789,
            "recall": 0.813846153846154,
            "f1": 0.8494326258839646
        },
        "VERY_LOW": {
            "accuracy": 0.9849436392914654,
            "precision": 0.8310362771335118,
            "recall": 0.6943661971830986,
            "f1": 0.8565300205519669
        },
        "MEDIUM": {
            "accuracy": 0.9448308270676691,
            "precision": 0.4429326494108331,
            "recall": 0.4606557377049181,
            "f1": 0.5449995941500518
        },
        "LOW": {
            "accuracy": 0.8858356502934817,
            "precision": 0.2828238209624526,
            "recall": 0.7216666666666666,
            "f1": 0.4063752549489121
        }
    },
    "LOW": {
        "HIGH": {
            "accuracy": 0.9829024186822352,
            "precision": 0.7333787034556132,
            "recall": 0.6450980392156863,
            "f1": 0.7862518833510939
        },
        "VERY_LOW": {
            "accuracy": 0.9927728613569322,
            "precision": 0.8472905428947357,
            "recall": 0.7666666666666667,
            "f1": 0.9047157165812039
        },
        "MEDIUM": {
            "accuracy": 0.9902439024390244,
            "precision": 0.8524893314366999,
            "recall": 0.7177777777777777,
            "f1": 0.8793417572729945
        },
        "LOW": {
            "accuracy": 0.9798605731990705,
            "precision": 0.8412233169129723,
            "recall": 0.45,
            "f1": 0.6862572240180234
        }
    }
}