{
    "HIGH": {
        "HIGH": {
            "accuracy": 0.9070833333333332,
            "precision": 0.3934423697432944,
            "recall": 0.7475,
            "f1": 0.6155281174303626
        },
        "VERY_LOW": {
            "accuracy": 0.9181659388646288,
            "precision": 0.3803769172164272,
            "recall": 0.6240963855421686,
            "f1": 0.5726420299126513
        },
        "MEDIUM": {
            "accuracy": 0.9075685903500474,
            "precision": 0.378844863481508,
            "recall": 0.6635294117647059,
            "f1": 0.5822822228783162
        },
        "LOW": {
            "accuracy": 0.8940099833610649,
            "precision": 0.32492312845243426,
            "recall": 0.6494505494505495,
            "f1": 0.5331361875353439
        }
    },
    "VERY_LOW": {
        "HIGH": {
            "accuracy": 0.9923141891891891,
            "precision": 0.8605121264806863,
            "recall": 0.705,
            "f1": 0.8745113475595907
        },
        "VERY_LOW": {
            "accuracy": 0.9978740157480315,
            "precision": 0.8785714285714284,
            "recall": 0.8581395348837211,
            "f1": 0.968235294117647
        },
        "MEDIUM": {
            "accuracy": 0.9957142857142858,
            "precision": 0.8798440931049628,
            "recall": 0.8020408163265307,
            "f1": 0.9390733181615672
        },
        "LOW": {
            "accuracy": 0.994956353055286,
            "precision": 0.9508804669330985,
            "recall": 0.9105263157894736,
            "f1": 0.9301183447326202
        }
    },
    "MEDIUM": {
        "HIGH": {
            "accuracy": 0.9797540208136233,
            "precision": 0.6918475589867995,
            "recall": 0.8169230769230771,
            "f1": 0.8491174792714968
        },
        "VERY_LOW": {
            "accuracy": 0.9845410628019324,
            "precision": 0.8220734635326441,
            "recall": 0.6957746478873239,
            "f1": 0.8535710615078438
        },
        "MEDIUM": {
            "accuracy": 0.955451127819549,
            "precision": 0.5582636635425324,
            "recall": 0.47868852459016387,
            "f1": 0.603603875038829
        },
        "LOW": {
            "accuracy": 0.8854649366697561,
            "precision": 0.2827297166316959,
            "recall": 0.7266666666666666,
            "f1": 0.40706563442014937
        }
    },
    "LOW": {
        "HIGH": {
            "accuracy": 0.9835696413678064,
            "precision": 0.7496808617738849,
            "recall": 0.6431372549019608,
            "f1": 0.7921973322978
        },
        "VERY_LOW": {
            "accuracy": 0.9919616519174042,
            "precision": 0.8388768297328182,
            "recall": 0.7537037037037037,
            "f1": 0.8937873111163732
        },
        "MEDIUM": {
            "accuracy": 0.9902439024390244,
            "precision": 0.8524893314366999,
            "recall": 0.7177777777777777,
            "f1": 0.8793417572729944
        },
        "LOW": {
            "accuracy": 0.9797831138652209,
            "precision": 0.8413972020646104,
            "recall": 0.4481481481481482,
            "f1": 0.6846095005301127
        }
    }
}