{
    "HIGH": {
        "HIGH": {
            "accuracy": 0.9077083333333332,
            "precision": 0.39553114006962387,
            "recall": 0.7533333333333333,
            "f1": 0.6187092405847003
        },
        "VERY_LOW": {
            "accuracy": 0.9193013100436682,
            "precision": 0.38441796147894125,
            "recall": 0.6240963855421686,
            "f1": 0.575747926837227
        },
        "MEDIUM": {
            "accuracy": 0.9069063386944182,
            "precision": 0.377356801654097,
            "recall": 0.668235294117647,
            "f1": 0.5822461204023959
        },
        "LOW": {
            "accuracy": 0.8947587354409319,
            "precision": 0.326580658265435,
            "recall": 0.6483516483516485,
            "f1": 0.534349946210719
        }
    },
    "VERY_LOW": {
        "HIGH": {
            "accuracy": 0.9913851351351353,
            "precision": 0.850563602273754,
            "recall": 0.685,
            "f1": 0.8584691011675382
        },
        "VERY_LOW": {
            "accuracy": 0.9978740157480315,
            "precision": 0.8785714285714284,
            "recall": 0.8581395348837211,
            "f1": 0.968235294117647
        },
        "MEDIUM": {
            "accuracy": 0.9954135338345864,
            "precision": 0.8796442687747035,
            "recall": 0.7938775510204084,
            "f1": 0.9345217883418222
        },
        "LOW": {
            "accuracy": 0.9946653734238604,
            "precision": 0.9432741764320711,
            "recall": 0.9105263157894736,
            "f1": 0.9264009431204817
        }
    },
    "MEDIUM": {
        "HIGH": {
            "accuracy": 0.9796594134342478,
            "precision": 0.6922884373750464,
            "recall": 0.813846153846154,
            "f1": 0.8480434670757067
        },
        "VERY_LOW": {
            "accuracy": 0.9851851851851853,
            "precision": 0.8356933977257581,
            "recall": 0.6943661971830986,
            "f1": 0.8584541216594517
        },
        "MEDIUM": {
            "accuracy": 0.9548872180451127,
            "precision": 0.5663078872593648,
            "recall": 0.4360655737704918,
            "f1": 0.5803506140600977
        },
        "LOW": {
            "accuracy": 0.8857429718875505,
            "precision": 0.2840483250612347,
            "recall": 0.7316666666666666,
            "f1": 0.4092118695874164
        }
    },
    "LOW": {
        "HIGH": {
            "accuracy": 0.9829024186822352,
            "precision": 0.7359233896089306,
            "recall": 0.6411764705882353,
            "f1": 0.7852308957027356
        },
        "VERY_LOW": {
            "accuracy": 0.9932890855457227,
            "precision": 0.8731930235862461,
            "recall": 0.7555555555555555,
            "f1": 0.9098234025083182
        },
        "MEDIUM": {
            "accuracy": 0.990341463414634,
            "precision": 0.8526315789473685,
            "recall": 0.72,
            "f1": 0.8807228915662652
        },
        "LOW": {
            "accuracy": 0.9797831138652209,
            "precision": 0.8356846231262249,
            "recall": 0.4518518518518519,
            "f1": 0.6863908925309766
        }
    }
}