{
    "HIGH": {
        "HIGH": {
            "accuracy": 0.890486111111111,
            "precision": 0.3937934267567581,
            "recall": 0.75,
            "f1": 0.5164197278151865
        },
        "VERY_LOW": {
            "accuracy": 0.9182532751091701,
            "precision": 0.3811739399509969,
            "recall": 0.6289156626506024,
            "f1": 0.5746189633767841
        },
        "MEDIUM": {
            "accuracy": 0.9091769157994325,
            "precision": 0.3848373919196573,
            "recall": 0.6764705882352942,
            "f1": 0.5905406189406447
        },
        "LOW": {
            "accuracy": 0.8940931780366057,
            "precision": 0.325559637319609,
            "recall": 0.6527472527472528,
            "f1": 0.534437395651436
        }
    },
    "VERY_LOW": {
        "HIGH": {
            "accuracy": 0.9921452702702703,
            "precision": 0.8573410692014697,
            "recall": 0.7025,
            "f1": 0.8714463231538063
        },
        "VERY_LOW": {
            "accuracy": 0.9978740157480315,
            "precision": 0.8785714285714284,
            "recall": 0.8581395348837211,
            "f1": 0.968235294117647
        },
        "MEDIUM": {
            "accuracy": 0.9960902255639098,
            "precision": 0.8800922266139658,
            "recall": 0.8122448979591838,
            "f1": 0.9447446688099799
        },
        "LOW": {
            "accuracy": 0.9943743937924345,
            "precision": 0.9426264986791303,
            "recall": 0.9026315789473683,
            "f1": 0.9220847769182304
        }
    },
    "MEDIUM": {
        "HIGH": {
            "accuracy": 0.9789971617786186,
            "precision": 0.6875356243985491,
            "recall": 0.8092307692307694,
            "f1": 0.8432637012554647
        },
        "VERY_LOW": {
            "accuracy": 0.9851046698872785,
            "precision": 0.8326767971946231,
            "recall": 0.695774647887324,
            "f1": 0.8580586015558499
        },
        "MEDIUM": {
            "accuracy": 0.9553571428571429,
            "precision": 0.5835645816819394,
            "recall": 0.4721311475409836,
            "f1": 0.6043475287548901
        },
        "LOW": {
            "accuracy": 0.8843527957985791,
            "precision": 0.280078109517933,
            "recall": 0.7249999999999999,
            "f1": 0.4040462962559122
        }
    },
    "LOW": {
        "HIGH": {
            "accuracy": 0.9829858215179316,
            "precision": 0.7392743409831377,
            "recall": 0.6392156862745099,
            "f1": 0.7855276482223326
        },
        "VERY_LOW": {
            "accuracy": 0.9924041297935103,
            "precision": 0.8498853168575012,
            "recall": 0.7555555555555555,
            "f1": 0.8993624813952164
        },
        "MEDIUM": {
            "accuracy": 0.9902439024390244,
            "precision": 0.8524893314366999,
            "recall": 0.7177777777777777,
            "f1": 0.8793417572729944
        },
        "LOW": {
            "accuracy": 0.9793183578621225,
            "precision": 0.8277832512315273,
            "recall": 0.4444444444444445,
            "f1": 0.6782922631291718
        }
    }
}