{
    "HIGH": {
        "HIGH": {
            "accuracy": 0.931875,
            "precision": 0.6857142857142857,
            "recall": 0.12,
            "f1": 0.3042553191489361
        },
        "VERY_LOW": {
            "accuracy": 0.9394759825327513,
            "precision": 0.9,
            "recall": 0.06506024096385542,
            "f1": 0.22134831460674156
        },
        "MEDIUM": {
            "accuracy": 0.9344370860927154,
            "precision": 0.7499999999999999,
            "recall": 0.10588235294117647,
            "f1": 0.28556701030927834
        },
        "LOW": {
            "accuracy": 0.9341098169717137,
            "precision": 0.9,
            "recall": 0.02967032967032967,
            "f1": 0.15744680851063828
        }
    },
    "VERY_LOW": {
        "HIGH": {
            "accuracy": 0.9908783783783784,
            "precision": 0.8699999999999999,
            "recall": 0.6524999999999999,
            "f1": 0.8457142857142855
        },
        "VERY_LOW": {
            "accuracy": 0.9929133858267717,
            "precision": 0.9,
            "recall": 0.6906976744186046,
            "f1": 0.8815789473684209
        },
        "MEDIUM": {
            "accuracy": 0.9857894736842103,
            "precision": 0.8699999999999999,
            "recall": 0.5326530612244899,
            "f1": 0.760759493670886
        },
        "LOW": {
            "accuracy": 0.9990300678952473,
            "precision": 1.0,
            "recall": 0.9736842105263157,
            "f1": 0.9866666666666666
        }
    },
    "MEDIUM": {
        "HIGH": {
            "accuracy": 0.9463576158940399,
            "precision": 0.525,
            "recall": 0.09692307692307696,
            "f1": 0.26363636363636367
        },
        "VERY_LOW": {
            "accuracy": 0.9536231884057971,
            "precision": 0.7363636363636364,
            "recall": 0.11408450704225355,
            "f1": 0.2975609756097561
        },
        "MEDIUM": {
            "accuracy": 0.9484022556390979,
            "precision": 0.0,
            "recall": 0.0,
            "f1": 0.1
        },
        "LOW": {
            "accuracy": 0.9532900834105652,
            "precision": 0.675,
            "recall": 0.09,
            "f1": 0.2588235294117648
        }
    },
    "LOW": {
        "HIGH": {
            "accuracy": 0.9767306088407006,
            "precision": 0.825,
            "recall": 0.3882352941176472,
            "f1": 0.6279999999999999
        },
        "VERY_LOW": {
            "accuracy": 0.9853982300884956,
            "precision": 0.9,
            "recall": 0.5333333333333333,
            "f1": 0.7697674418604651
        },
        "MEDIUM": {
            "accuracy": 0.9604878048780489,
            "precision": 0.45,
            "recall": 0.04,
            "f1": 0.17346938775510204
        },
        "LOW": {
            "accuracy": 0.9693261037955073,
            "precision": 0.9,
            "recall": 0.16666666666666663,
            "f1": 0.38125
        }
    }
}