{
    "HIGH": {
        "HIGH": {
            "accuracy": 0.936875,
            "precision": 0.7448275862068965,
            "recall": 0.18,
            "f1": 0.38993288590604025
        },
        "VERY_LOW": {
            "accuracy": 0.9402620087336244,
            "precision": 0.9,
            "recall": 0.07590361445783131,
            "f1": 0.24
        },
        "MEDIUM": {
            "accuracy": 0.9352885525070956,
            "precision": 0.72,
            "recall": 0.12705882352941172,
            "f1": 0.316
        },
        "LOW": {
            "accuracy": 0.9341098169717137,
            "precision": 0.9,
            "recall": 0.02967032967032967,
            "f1": 0.15744680851063828
        }
    },
    "VERY_LOW": {
        "HIGH": {
            "accuracy": 0.9908783783783784,
            "precision": 0.8699999999999999,
            "recall": 0.6524999999999999,
            "f1": 0.8457142857142855
        },
        "VERY_LOW": {
            "accuracy": 0.9922047244094487,
            "precision": 0.9,
            "recall": 0.6697674418604651,
            "f1": 0.868
        },
        "MEDIUM": {
            "accuracy": 0.9844360902255639,
            "precision": 0.815625,
            "recall": 0.5326530612244899,
            "f1": 0.7444444444444442
        },
        "LOW": {
            "accuracy": 0.9990300678952473,
            "precision": 1.0,
            "recall": 0.9736842105263157,
            "f1": 0.9866666666666666
        }
    },
    "MEDIUM": {
        "HIGH": {
            "accuracy": 0.9463576158940399,
            "precision": 0.5142857142857141,
            "recall": 0.11076923076923077,
            "f1": 0.28227848101265823
        },
        "VERY_LOW": {
            "accuracy": 0.9543478260869567,
            "precision": 0.7499999999999999,
            "recall": 0.1267605633802817,
            "f1": 0.3168674698795181
        },
        "MEDIUM": {
            "accuracy": 0.9484022556390979,
            "precision": 0.0,
            "recall": 0.0,
            "f1": 0.1
        },
        "LOW": {
            "accuracy": 0.9532900834105652,
            "precision": 0.6300000000000001,
            "recall": 0.10500000000000001,
            "f1": 0.27999999999999997
        }
    },
    "LOW": {
        "HIGH": {
            "accuracy": 0.9767306088407006,
            "precision": 0.825,
            "recall": 0.3882352941176472,
            "f1": 0.6279999999999999
        },
        "VERY_LOW": {
            "accuracy": 0.9641592920353983,
            "precision": 0.0,
            "recall": 0.0,
            "f1": 0.1
        },
        "MEDIUM": {
            "accuracy": 0.9604878048780489,
            "precision": 0.45,
            "recall": 0.04,
            "f1": 0.17346938775510204
        },
        "LOW": {
            "accuracy": 0.9693261037955073,
            "precision": 0.9,
            "recall": 0.16666666666666663,
            "f1": 0.38125
        }
    }
}