{
    "HIGH": {
        "HIGH": {
            "accuracy": 0.9064583333333331,
            "precision": 0.4426229508196721,
            "recall": 0.675,
            "f1": 0.5346534653465345
        },
        "VERY_LOW": {
            "accuracy": 0.843406113537118,
            "precision": 0.5010309278350514,
            "recall": 0.5855421686746988,
            "f1": 0.54
        },
        "MEDIUM": {
            "accuracy": 0.9352885525070956,
            "precision": 0.5025974025974025,
            "recall": 0.4552941176470588,
            "f1": 0.5777777777777776
        },
        "LOW": {
            "accuracy": 0.8978785357737105,
            "precision": 0.4050000000000001,
            "recall": 0.5340659340659341,
            "f1": 0.46066350710900467
        }
    },
    "VERY_LOW": {
        "HIGH": {
            "accuracy": 0.9916385135135135,
            "precision": 0.870967741935484,
            "recall": 0.675,
            "f1": 0.86056338028169
        },
        "VERY_LOW": {
            "accuracy": 0.9943307086614173,
            "precision": 0.9,
            "recall": 0.7325581395348836,
            "f1": 0.9076923076923078
        },
        "MEDIUM": {
            "accuracy": 0.9918796992481204,
            "precision": 0.9,
            "recall": 0.6795918367346937,
            "f1": 0.8744186046511626
        },
        "LOW": {
            "accuracy": 0.9990300678952473,
            "precision": 1.0,
            "recall": 0.9736842105263157,
            "f1": 0.9866666666666666
        }
    },
    "MEDIUM": {
        "HIGH": {
            "accuracy": 0.988930936613056,
            "precision": 0.8678571428571429,
            "recall": 0.7476923076923077,
            "f1": 0.9033057851239669
        },
        "VERY_LOW": {
            "accuracy": 0.9855072463768118,
            "precision": 0.9,
            "recall": 0.6464788732394368,
            "f1": 0.8524590163934427
        },
        "MEDIUM": {
            "accuracy": 0.9636278195488721,
            "precision": 0.9,
            "recall": 0.2655737704918032,
            "f1": 0.5101265822784811
        },
        "LOW": {
            "accuracy": 0.9057615075687364,
            "precision": 0.3230769230769231,
            "recall": 0.6300000000000001,
            "f1": 0.42711864406779665
        }
    },
    "LOW": {
        "HIGH": {
            "accuracy": 0.9924937447873228,
            "precision": 0.8790697674418604,
            "recall": 0.7411764705882351,
            "f1": 0.9042553191489361
        },
        "VERY_LOW": {
            "accuracy": 0.9913716814159292,
            "precision": 0.9,
            "recall": 0.6833333333333335,
            "f1": 0.8768421052631579
        },
        "MEDIUM": {
            "accuracy": 0.9912195121951219,
            "precision": 0.9,
            "recall": 0.7,
            "f1": 0.8875
        },
        "LOW": {
            "accuracy": 0.9714175058094499,
            "precision": 0.7941176470588237,
            "recall": 0.24999999999999994,
            "f1": 0.48028169014084526
        }
    }
}