{
    "HIGH": {
        "HIGH": {
            "accuracy": 0.9020833333333333,
            "precision": 0.4244318181818182,
            "recall": 0.6224999999999998,
            "f1": 0.5047297297297295
        },
        "VERY_LOW": {
            "accuracy": 0.8355458515283842,
            "precision": 0.45473684210526305,
            "recall": 0.5204819277108433,
            "f1": 0.4853932584269664
        },
        "MEDIUM": {
            "accuracy": 0.933585619678335,
            "precision": 0.4931506849315069,
            "recall": 0.4235294117647059,
            "f1": 0.5556962025316455
        },
        "LOW": {
            "accuracy": 0.8918885191347753,
            "precision": 0.3807692307692307,
            "recall": 0.5439560439560439,
            "f1": 0.44796380090497745
        }
    },
    "VERY_LOW": {
        "HIGH": {
            "accuracy": 0.9931587837837841,
            "precision": 0.9,
            "recall": 0.6975000000000001,
            "f1": 0.8859154929577464
        },
        "VERY_LOW": {
            "accuracy": 0.9914960629921261,
            "precision": 0.9,
            "recall": 0.6488372093023255,
            "f1": 0.854054054054054
        },
        "MEDIUM": {
            "accuracy": 0.9857894736842103,
            "precision": 0.9,
            "recall": 0.5142857142857141,
            "f1": 0.7545454545454546
        },
        "LOW": {
            "accuracy": 0.9980601357904947,
            "precision": 1.0,
            "recall": 0.9473684210526316,
            "f1": 0.972972972972973
        }
    },
    "MEDIUM": {
        "HIGH": {
            "accuracy": 0.9821192052980132,
            "precision": 0.9,
            "recall": 0.6092307692307694,
            "f1": 0.8266055045871562
        },
        "VERY_LOW": {
            "accuracy": 0.981159420289855,
            "precision": 0.9,
            "recall": 0.5704225352112676,
            "f1": 0.7982758620689654
        },
        "MEDIUM": {
            "accuracy": 0.9585526315789477,
            "precision": 0.9,
            "recall": 0.17704918032786884,
            "f1": 0.3958904109589041
        },
        "LOW": {
            "accuracy": 0.9090979301822675,
            "precision": 0.32079207920792074,
            "recall": 0.5399999999999999,
            "f1": 0.4024844720496895
        }
    },
    "LOW": {
        "HIGH": {
            "accuracy": 0.9864887406171812,
            "precision": 0.9,
            "recall": 0.5823529411764706,
            "f1": 0.8071428571428572
        },
        "VERY_LOW": {
            "accuracy": 0.9867256637168141,
            "precision": 0.9,
            "recall": 0.5666666666666667,
            "f1": 0.7954545454545453
        },
        "MEDIUM": {
            "accuracy": 0.978048780487805,
            "precision": 0.9,
            "recall": 0.4000000000000001,
            "f1": 0.6538461538461537
        },
        "LOW": {
            "accuracy": 0.9700232378001548,
            "precision": 0.9,
            "recall": 0.18333333333333332,
            "f1": 0.4046153846153846
        }
    }
}