{
    "HIGH": {
        "HIGH": {
            "accuracy": 0.9083333333333334,
            "precision": 0.45,
            "recall": 0.675,
            "f1": 0.5399999999999999
        },
        "VERY_LOW": {
            "accuracy": 0.843406113537118,
            "precision": 0.5021052631578946,
            "recall": 0.5746987951807229,
            "f1": 0.5359550561797752
        },
        "MEDIUM": {
            "accuracy": 0.9403973509933774,
            "precision": 0.5478260869565218,
            "recall": 0.4447058823529412,
            "f1": 0.590909090909091
        },
        "LOW": {
            "accuracy": 0.8993760399334441,
            "precision": 0.4112068965517242,
            "recall": 0.5241758241758242,
            "f1": 0.4608695652173912
        }
    },
    "VERY_LOW": {
        "HIGH": {
            "accuracy": 0.9916385135135135,
            "precision": 0.870967741935484,
            "recall": 0.675,
            "f1": 0.86056338028169
        },
        "VERY_LOW": {
            "accuracy": 0.9943307086614173,
            "precision": 0.9,
            "recall": 0.7325581395348836,
            "f1": 0.9076923076923078
        },
        "MEDIUM": {
            "accuracy": 0.9925563909774434,
            "precision": 0.9,
            "recall": 0.6979591836734693,
            "f1": 0.8862068965517242
        },
        "LOW": {
            "accuracy": 0.9990300678952473,
            "precision": 1.0,
            "recall": 0.9736842105263157,
            "f1": 0.9866666666666666
        }
    },
    "MEDIUM": {
        "HIGH": {
            "accuracy": 0.9846736045411545,
            "precision": 0.8816326530612246,
            "recall": 0.6646153846153846,
            "f1": 0.8578947368421053
        },
        "VERY_LOW": {
            "accuracy": 0.9840579710144928,
            "precision": 0.9,
            "recall": 0.6211267605633802,
            "f1": 0.8349999999999997
        },
        "MEDIUM": {
            "accuracy": 0.9627819548872179,
            "precision": 0.9,
            "recall": 0.2508196721311476,
            "f1": 0.49230769230769217
        },
        "LOW": {
            "accuracy": 0.9216095149830089,
            "precision": 0.38152173913043474,
            "recall": 0.5850000000000001,
            "f1": 0.4618421052631579
        }
    },
    "LOW": {
        "HIGH": {
            "accuracy": 0.9924937447873228,
            "precision": 0.8790697674418604,
            "recall": 0.7411764705882351,
            "f1": 0.9042553191489361
        },
        "VERY_LOW": {
            "accuracy": 0.9907079646017699,
            "precision": 0.9,
            "recall": 0.6666666666666665,
            "f1": 0.8659574468085107
        },
        "MEDIUM": {
            "accuracy": 0.990341463414634,
            "precision": 0.9,
            "recall": 0.6799999999999999,
            "f1": 0.8746835443037975
        },
        "LOW": {
            "accuracy": 0.9721146398140975,
            "precision": 0.8000000000000002,
            "recall": 0.26666666666666666,
            "f1": 0.5000000000000001
        }
    }
}