{
    "HIGH": {
        "HIGH": {
            "accuracy": 0.929375,
            "precision": 0.6157894736842106,
            "recall": 0.09750000000000003,
            "f1": 0.2683453237410072
        },
        "VERY_LOW": {
            "accuracy": 0.9402620087336244,
            "precision": 0.8000000000000002,
            "recall": 0.08674698795180721,
            "f1": 0.25652173913043474
        },
        "MEDIUM": {
            "accuracy": 0.9352885525070956,
            "precision": 0.6882352941176471,
            "recall": 0.1376470588235294,
            "f1": 0.3294117647058824
        },
        "LOW": {
            "accuracy": 0.9333610648918468,
            "precision": 0.9,
            "recall": 0.019780219780219783,
            "f1": 0.13870967741935486
        }
    },
    "VERY_LOW": {
        "HIGH": {
            "accuracy": 0.9923986486486488,
            "precision": 0.871875,
            "recall": 0.6975000000000001,
            "f1": 0.8750000000000003
        },
        "VERY_LOW": {
            "accuracy": 0.9914960629921261,
            "precision": 0.9,
            "recall": 0.6488372093023255,
            "f1": 0.854054054054054
        },
        "MEDIUM": {
            "accuracy": 0.9844360902255639,
            "precision": 0.815625,
            "recall": 0.5326530612244899,
            "f1": 0.7444444444444442
        },
        "LOW": {
            "accuracy": 0.9990300678952473,
            "precision": 1.0,
            "recall": 0.9736842105263157,
            "f1": 0.9866666666666666
        }
    },
    "MEDIUM": {
        "HIGH": {
            "accuracy": 0.9472090823084202,
            "precision": 0.5727272727272728,
            "recall": 0.09692307692307696,
            "f1": 0.2657894736842105
        },
        "VERY_LOW": {
            "accuracy": 0.9550724637681158,
            "precision": 0.8181818181818181,
            "recall": 0.1267605633802817,
            "f1": 0.3195121951219512
        },
        "MEDIUM": {
            "accuracy": 0.9484022556390979,
            "precision": 0.0,
            "recall": 0.0,
            "f1": 0.1
        },
        "LOW": {
            "accuracy": 0.9549582947173306,
            "precision": 0.72,
            "recall": 0.12,
            "f1": 0.3057142857142857
        }
    },
    "LOW": {
        "HIGH": {
            "accuracy": 0.9759799833194329,
            "precision": 0.8571428571428571,
            "recall": 0.3529411764705882,
            "f1": 0.5999999999999999
        },
        "VERY_LOW": {
            "accuracy": 0.9641592920353983,
            "precision": 0.0,
            "recall": 0.0,
            "f1": 0.1
        },
        "MEDIUM": {
            "accuracy": 0.9613658536585366,
            "precision": 0.6,
            "recall": 0.04,
            "f1": 0.17500000000000002
        },
        "LOW": {
            "accuracy": 0.9700232378001548,
            "precision": 0.9,
            "recall": 0.18333333333333332,
            "f1": 0.4046153846153846
        }
    }
}