{
    "HIGH": {
        "HIGH": {
            "accuracy": 0.921875,
            "precision": 0.3,
            "recall": 0.0375,
            "f1": 0.16666666666666666
        },
        "VERY_LOW": {
            "accuracy": 0.9347598253275109,
            "precision": 0.45,
            "recall": 0.04337349397590361,
            "f1": 0.17912087912087912
        },
        "MEDIUM": {
            "accuracy": 0.9176797540208138,
            "precision": 0.5538461538461539,
            "recall": 0.08470588235294117,
            "f1": 0.14693877551020407
        },
        "LOW": {
            "accuracy": 0.93261231281198,
            "precision": 0.5399999999999999,
            "recall": 0.02967032967032967,
            "f1": 0.15625
        }
    },
    "VERY_LOW": {
        "HIGH": {
            "accuracy": 0.9923986486486488,
            "precision": 0.871875,
            "recall": 0.6975000000000001,
            "f1": 0.8750000000000003
        },
        "VERY_LOW": {
            "accuracy": 0.9907874015748032,
            "precision": 0.9,
            "recall": 0.6279069767441862,
            "f1": 0.8397260273972602
        },
        "MEDIUM": {
            "accuracy": 0.9844360902255639,
            "precision": 0.815625,
            "recall": 0.5326530612244899,
            "f1": 0.7444444444444442
        },
        "LOW": {
            "accuracy": 1.0,
            "precision": 1.0,
            "recall": 1.0,
            "f1": 1.0
        }
    },
    "MEDIUM": {
        "HIGH": {
            "accuracy": 0.9472090823084202,
            "precision": 0.6,
            "recall": 0.08307692307692308,
            "f1": 0.24594594594594596
        },
        "VERY_LOW": {
            "accuracy": 0.9550724637681158,
            "precision": 0.8181818181818181,
            "recall": 0.1267605633802817,
            "f1": 0.3195121951219512
        },
        "MEDIUM": {
            "accuracy": 0.9484022556390979,
            "precision": 0.0,
            "recall": 0.0,
            "f1": 0.1
        },
        "LOW": {
            "accuracy": 0.9549582947173306,
            "precision": 0.72,
            "recall": 0.12,
            "f1": 0.3057142857142857
        }
    },
    "LOW": {
        "HIGH": {
            "accuracy": 0.9759799833194329,
            "precision": 0.8571428571428571,
            "recall": 0.3529411764705882,
            "f1": 0.5999999999999999
        },
        "VERY_LOW": {
            "accuracy": 0.9641592920353983,
            "precision": 0.0,
            "recall": 0.0,
            "f1": 0.1
        },
        "MEDIUM": {
            "accuracy": 0.9613658536585366,
            "precision": 0.6,
            "recall": 0.04,
            "f1": 0.17500000000000002
        },
        "LOW": {
            "accuracy": 0.9707203718048024,
            "precision": 0.9,
            "recall": 0.20000000000000004,
            "f1": 0.42727272727272736
        }
    }
}