{
    "HIGH": {
        "HIGH": {
            "accuracy": 0.9352083333333333,
            "precision": 0.708,
            "recall": 0.4425,
            "f1": 0.5446153846153845
        },
        "VERY_LOW": {
            "accuracy": 0.8512663755458515,
            "precision": 0.5696202531645569,
            "recall": 0.5421686746987953,
            "f1": 0.5555555555555556
        },
        "MEDIUM": {
            "accuracy": 0.9472090823084202,
            "precision": 0.6906976744186046,
            "recall": 0.34941176470588237,
            "f1": 0.5640625000000001
        },
        "LOW": {
            "accuracy": 0.9121048252911812,
            "precision": 0.48539325842696623,
            "recall": 0.4747252747252747,
            "f1": 0.48
        }
    },
    "VERY_LOW": {
        "HIGH": {
            "accuracy": 0.9901182432432434,
            "precision": 0.8689655172413794,
            "recall": 0.6300000000000001,
            "f1": 0.8304347826086957
        },
        "VERY_LOW": {
            "accuracy": 0.9929133858267717,
            "precision": 0.9,
            "recall": 0.6906976744186046,
            "f1": 0.8815789473684209
        },
        "MEDIUM": {
            "accuracy": 0.9871428571428572,
            "precision": 0.9,
            "recall": 0.5510204081632655,
            "f1": 0.7835443037974684
        },
        "LOW": {
            "accuracy": 0.9990300678952473,
            "precision": 1.0,
            "recall": 0.9736842105263157,
            "f1": 0.9866666666666666
        }
    },
    "MEDIUM": {
        "HIGH": {
            "accuracy": 0.9787133396404919,
            "precision": 0.9,
            "recall": 0.5538461538461539,
            "f1": 0.7857142857142858
        },
        "VERY_LOW": {
            "accuracy": 0.9833333333333334,
            "precision": 0.9,
            "recall": 0.6084507042253521,
            "f1": 0.8260504201680672
        },
        "MEDIUM": {
            "accuracy": 0.9526315789473685,
            "precision": 0.9,
            "recall": 0.07377049180327869,
            "f1": 0.23636363636363633
        },
        "LOW": {
            "accuracy": 0.9441303676243435,
            "precision": 0.6272727272727274,
            "recall": 0.34500000000000003,
            "f1": 0.44516129032258067
        }
    },
    "LOW": {
        "HIGH": {
            "accuracy": 0.9887406171809843,
            "precision": 0.9,
            "recall": 0.6352941176470589,
            "f1": 0.8448275862068965
        },
        "VERY_LOW": {
            "accuracy": 0.9867256637168141,
            "precision": 0.9,
            "recall": 0.5666666666666667,
            "f1": 0.7954545454545453
        },
        "MEDIUM": {
            "accuracy": 0.9868292682926828,
            "precision": 0.9,
            "recall": 0.6,
            "f1": 0.82
        },
        "LOW": {
            "accuracy": 0.9721146398140975,
            "precision": 0.8000000000000002,
            "recall": 0.26666666666666666,
            "f1": 0.5000000000000001
        }
    }
}