{
    "MEDIUM": {
        "MEDIUM": {
            "accuracy": 0.8563909774436091,
            "precision": 0.14364089775561098,
            "recall": 0.4608,
            "f1": 0.4190114068441065
        },
        "HIGH": {
            "accuracy": 0.9322931442080378,
            "precision": 0.3358361774744027,
            "recall": 0.7454545454545454,
            "f1": 0.6630588235294118
        },
        "LOW": {
            "accuracy": 0.8347383047707272,
            "precision": 0.11277533039647578,
            "recall": 0.42666666666666664,
            "f1": 0.3783972125435541
        },
        "VERY_LOW": {
            "accuracy": 0.8908651911468812,
            "precision": 0.1772853185595568,
            "recall": 0.463768115942029,
            "f1": 0.4565130260521042
        }
    },
    "HIGH": {
        "MEDIUM": {
            "accuracy": 0.7381560283687942,
            "precision": 0.15135135135135136,
            "recall": 0.4912280701754386,
            "f1": 0.23140495867768598
        },
        "HIGH": {
            "accuracy": 0.7934050676848317,
            "precision": 0.1639575971731449,
            "recall": 0.5728395061728395,
            "f1": 0.45494505494505494
        },
        "LOW": {
            "accuracy": 0.8837770382695507,
            "precision": 0.37606236203090504,
            "recall": 0.619889502762431,
            "f1": 0.46808195049596735
        },
        "VERY_LOW": {
            "accuracy": 0.7130131004366812,
            "precision": 0.3140583554376658,
            "recall": 0.7047619047619047,
            "f1": 0.4344954128440367
        }
    },
    "LOW": {
        "MEDIUM": {
            "accuracy": 0.9184390243902438,
            "precision": 0.16310679611650486,
            "recall": 0.38620689655172413,
            "f1": 0.4293515358361775
        },
        "HIGH": {
            "accuracy": 0.9629691409507923,
            "precision": 0.38636363636363635,
            "recall": 0.6476190476190476,
            "f1": 0.6839857651245552
        },
        "LOW": {
            "accuracy": 0.9494965143299767,
            "precision": 0.26666666666666666,
            "recall": 0.4419047619047619,
            "f1": 0.5326164874551972
        },
        "VERY_LOW": {
            "accuracy": 0.9708072244747512,
            "precision": 0.42953020134228187,
            "recall": 0.5818181818181818,
            "f1": 0.6942084942084943
        }
    },
    "VERY_LOW": {
        "MEDIUM": {
            "accuracy": 0.9843667794062384,
            "precision": 0.5607476635514018,
            "recall": 0.631578947368421,
            "f1": 0.7940594059405941
        },
        "HIGH": {
            "accuracy": 0.985472972972973,
            "precision": 0.5465346534653466,
            "recall": 0.6900000000000001,
            "f1": 0.8099447513812155
        },
        "LOW": {
            "accuracy": 0.9864209505334627,
            "precision": 0.7446808510638298,
            "recall": 0.9459459459459459,
            "f1": 0.8333333333333334
        },
        "VERY_LOW": {
            "accuracy": 0.9974803149606298,
            "precision": 0.8,
            "recall": 0.7247058823529412,
            "f1": 0.9604938271604938
        }
    }
}