{
    "VERY_LOW": {
        "VERY_LOW": {
            "accuracy": 0.8910236220472442,
            "precision": 0.9,
            "recall": 0.6348837209302326,
            "f1": 0.7435278489333343
        },
        "MEDIUM": {
            "accuracy": 0.8633834586466165,
            "precision": 0.7817819499341239,
            "recall": 0.5428571428571429,
            "f1": 0.5915533834929716
        },
        "HIGH": {
            "accuracy": 0.885472972972973,
            "precision": 0.8234179613489958,
            "recall": 0.6174999999999999,
            "f1": 0.6830090137264426
        },
        "LOW": {
            "accuracy": 0.8977691561590688,
            "precision": 0.9,
            "recall": 0.8394736842105264,
            "f1": 0.8670924369747899
        }
    },
    "MEDIUM": {
        "VERY_LOW": {
            "accuracy": 0.8501610305958133,
            "precision": 0.2,
            "recall": 0.02816901408450704,
            "f1": 0.046744471744471744
        },
        "MEDIUM": {
            "accuracy": 0.8484022556390979,
            "precision": 0.0,
            "recall": 0.0,
            "f1": 0.0
        },
        "HIGH": {
            "accuracy": 0.8456953642384105,
            "precision": 0.2,
            "recall": 0.016923076923076923,
            "f1": 0.029696969696969704
        },
        "LOW": {
            "accuracy": 0.8506950880444857,
            "precision": 0.3,
            "recall": 0.013333333333333336,
            "f1": 0.02549923195084485
        }
    },
    "HIGH": {
        "VERY_LOW": {
            "accuracy": 0.8359825327510917,
            "precision": 0.5,
            "recall": 0.016867469879518072,
            "f1": 0.031029185867895548
        },
        "MEDIUM": {
            "accuracy": 0.7563859981078522,
            "precision": 0.10886486486486487,
            "recall": 0.10588235294117647,
            "f1": 0.033441924837645055
        },
        "HIGH": {
            "accuracy": 0.8284027777777776,
            "precision": 0.7783783783783784,
            "recall": 0.05416666666666666,
            "f1": 0.07136406236687398
        },
        "LOW": {
            "accuracy": 0.8321131447587353,
            "precision": 0.3,
            "recall": 0.0032967032967032967,
            "f1": 0.006521739130434784
        }
    },
    "LOW": {
        "VERY_LOW": {
            "accuracy": 0.8825958702064897,
            "precision": 0.8764705882352942,
            "recall": 0.4851851851851852,
            "f1": 0.6169314439755106
        },
        "MEDIUM": {
            "accuracy": 0.8609756097560975,
            "precision": 0.27999999999999997,
            "recall": 0.013333333333333332,
            "f1": 0.024695652173913042
        },
        "HIGH": {
            "accuracy": 0.8736447039199333,
            "precision": 0.9,
            "recall": 0.2803921568627451,
            "f1": 0.4176583744893604
        },
        "LOW": {
            "accuracy": 0.8681642137877613,
            "precision": 0.9,
            "recall": 0.1388888888888889,
            "f1": 0.23868131868131867
        }
    }
}