{
    "VERY_LOW": {
        "VERY_LOW": {
            "accuracy": 0.8867716535433072,
            "precision": 0.9,
            "recall": 0.5093023255813953,
            "f1": 0.6466835687660171
        },
        "MEDIUM": {
            "accuracy": 0.8821804511278195,
            "precision": 0.8572161172161173,
            "recall": 0.44897959183673464,
            "f1": 0.5830811641540722
        },
        "HIGH": {
            "accuracy": 0.8885979729729729,
            "precision": 0.9,
            "recall": 0.5625000000000001,
            "f1": 0.6915186816826162
        },
        "LOW": {
            "accuracy": 0.8972841901066925,
            "precision": 0.9,
            "recall": 0.8263157894736842,
            "f1": 0.8595067007305813
        }
    },
    "MEDIUM": {
        "VERY_LOW": {
            "accuracy": 0.8485507246376812,
            "precision": 0.0,
            "recall": 0.0,
            "f1": 0.0
        },
        "MEDIUM": {
            "accuracy": 0.8484022556390979,
            "precision": 0.0,
            "recall": 0.0,
            "f1": 0.0
        },
        "HIGH": {
            "accuracy": 0.844654683065279,
            "precision": 0.0,
            "recall": 0.0,
            "f1": 0.0
        },
        "LOW": {
            "accuracy": 0.8499536607970344,
            "precision": 0.0,
            "recall": 0.0,
            "f1": 0.0
        }
    },
    "HIGH": {
        "VERY_LOW": {
            "accuracy": 0.834061135371179,
            "precision": 0.04230769230769231,
            "recall": 0.026506024096385545,
            "f1": 0.0325925925925926
        },
        "MEDIUM": {
            "accuracy": 0.8293282876064334,
            "precision": 0.3607142857142857,
            "recall": 0.027058823529411764,
            "f1": 0.04822173746610044
        },
        "HIGH": {
            "accuracy": 0.7758333333333335,
            "precision": 0.18227401129943505,
            "recall": 0.1125,
            "f1": 0.059296478375425746
        },
        "LOW": {
            "accuracy": 0.8319467554076537,
            "precision": 0.1,
            "recall": 0.001098901098901099,
            "f1": 0.0021739130434782613
        }
    },
    "LOW": {
        "VERY_LOW": {
            "accuracy": 0.8745575221238939,
            "precision": 0.8158424908424908,
            "recall": 0.47407407407407404,
            "f1": 0.5485397515200807
        },
        "MEDIUM": {
            "accuracy": 0.7944390243902439,
            "precision": 0.205851755526658,
            "recall": 0.10444444444444445,
            "f1": 0.019752163230424103
        },
        "HIGH": {
            "accuracy": 0.8657214345287739,
            "precision": 0.7443181818181819,
            "recall": 0.19019607843137257,
            "f1": 0.24675570593131627
        },
        "LOW": {
            "accuracy": 0.8653756777691711,
            "precision": 0.6666666666666666,
            "recall": 0.09074074074074072,
            "f1": 0.14346320346320346
        }
    }
}