{
    "MEDIUM": {
        "MEDIUM": {
            "accuracy": 0.8186090225563911,
            "precision": 0.7994699872286078,
            "recall": 0.2836065573770492,
            "f1": 0.32540388130025405
        },
        "VERY_LOW": {
            "accuracy": 0.8533011272141706,
            "precision": 0.8074758891823823,
            "recall": 0.6211267605633803,
            "f1": 0.6506492632881128
        },
        "HIGH": {
            "accuracy": 0.8757805108798487,
            "precision": 0.8319503798670466,
            "recall": 0.6630769230769231,
            "f1": 0.7098280113235841
        },
        "LOW": {
            "accuracy": 0.8145505097312326,
            "precision": 0.27954555909249656,
            "recall": 0.5166666666666666,
            "f1": 0.35588559451833146
        }
    },
    "VERY_LOW": {
        "MEDIUM": {
            "accuracy": 0.8899248120300751,
            "precision": 0.9,
            "recall": 0.626530612244898,
            "f1": 0.73865089989588
        },
        "VERY_LOW": {
            "accuracy": 0.89244094488189,
            "precision": 0.9,
            "recall": 0.6767441860465115,
            "f1": 0.7722456386666912
        },
        "HIGH": {
            "accuracy": 0.8835304054054054,
            "precision": 0.7877142857142857,
            "recall": 0.6824999999999999,
            "f1": 0.6924489002085574
        },
        "LOW": {
            "accuracy": 0.8978661493695441,
            "precision": 0.9,
            "recall": 0.8421052631578949,
            "f1": 0.8672569712569711
        }
    },
    "HIGH": {
        "MEDIUM": {
            "accuracy": 0.8304635761589404,
            "precision": 0.48188134488989637,
            "recall": 0.4117647058823529,
            "f1": 0.4397380164015063
        },
        "VERY_LOW": {
            "accuracy": 0.820698689956332,
            "precision": 0.4047163624321367,
            "recall": 0.53855421686747,
            "f1": 0.4492687211832444
        },
        "HIGH": {
            "accuracy": 0.7152777777777779,
            "precision": 0.3559360607970181,
            "recall": 0.7024999999999999,
            "f1": 0.4427758890231063
        },
        "LOW": {
            "accuracy": 0.8113976705490847,
            "precision": 0.3662412477514033,
            "recall": 0.5472527472527473,
            "f1": 0.4313131221171175
        }
    },
    "LOW": {
        "MEDIUM": {
            "accuracy": 0.876,
            "precision": 0.8315789473684211,
            "recall": 0.5555555555555556,
            "f1": 0.6263103908381248
        },
        "VERY_LOW": {
            "accuracy": 0.8872418879056048,
            "precision": 0.8824561403508773,
            "recall": 0.5981481481481482,
            "f1": 0.7075773887186293
        },
        "HIGH": {
            "accuracy": 0.885904920767306,
            "precision": 0.9,
            "recall": 0.5686274509803921,
            "f1": 0.6965499820817631
        },
        "LOW": {
            "accuracy": 0.8695584817970564,
            "precision": 0.741655876607151,
            "recall": 0.2833333333333333,
            "f1": 0.36690323179592016
        }
    }
}