{
    "VERY_LOW": {
        "VERY_LOW": {
            "accuracy": 0.7762992125984252,
            "precision": 0.0033858267716535433,
            "recall": 0.1,
            "f1": 0.00654988575780655
        },
        "MEDIUM": {
            "accuracy": 0.7742105263157895,
            "precision": 0.003684210526315789,
            "recall": 0.1,
            "f1": 0.007106598984771574
        },
        "HIGH": {
            "accuracy": 0.8695945945945944,
            "precision": 0.0,
            "recall": 0.0,
            "f1": 0.0
        },
        "LOW": {
            "accuracy": 0.8668283220174591,
            "precision": 0.0,
            "recall": 0.0,
            "f1": 0.0
        }
    },
    "MEDIUM": {
        "VERY_LOW": {
            "accuracy": 0.7053140096618358,
            "precision": 0.013487471553102186,
            "recall": 0.19014084507042256,
            "f1": 0.025137511487867435
        },
        "MEDIUM": {
            "accuracy": 0.8484022556390979,
            "precision": 0.0,
            "recall": 0.0,
            "f1": 0.0
        },
        "HIGH": {
            "accuracy": 0.844654683065279,
            "precision": 0.0,
            "recall": 0.0,
            "f1": 0.0
        },
        "LOW": {
            "accuracy": 0.8499536607970344,
            "precision": 0.0,
            "recall": 0.0,
            "f1": 0.0
        }
    },
    "HIGH": {
        "VERY_LOW": {
            "accuracy": 0.7651528384279476,
            "precision": 0.008446298227320124,
            "recall": 0.09759036144578313,
            "f1": 0.015547024952015357
        },
        "MEDIUM": {
            "accuracy": 0.7444654683065278,
            "precision": 0.008102955195424213,
            "recall": 0.1,
            "f1": 0.014991181657848324
        },
        "HIGH": {
            "accuracy": 0.762013888888889,
            "precision": 0.010044052863436122,
            "recall": 0.095,
            "f1": 0.018167330677290837
        },
        "LOW": {
            "accuracy": 0.7921797004991679,
            "precision": 0.08668000000000001,
            "recall": 0.08351648351648353,
            "f1": 0.026706850926198178
        }
    },
    "LOW": {
        "VERY_LOW": {
            "accuracy": 0.8641592920353982,
            "precision": 0.0,
            "recall": 0.0,
            "f1": 0.0
        },
        "MEDIUM": {
            "accuracy": 0.8604878048780489,
            "precision": 0.0,
            "recall": 0.0,
            "f1": 0.0
        },
        "HIGH": {
            "accuracy": 0.8617180984153459,
            "precision": 0.0,
            "recall": 0.0,
            "f1": 0.0
        },
        "LOW": {
            "accuracy": 0.7707203718048025,
            "precision": 0.004182804027885361,
            "recall": 0.1,
            "f1": 0.008029739776951674
        }
    }
}