{
    "VERY_LOW": {
        "VERY_LOW": {
            "accuracy": 0.8913385826771654,
            "precision": 0.9,
            "recall": 0.6441860465116279,
            "f1": 0.7505710122523388
        },
        "MEDIUM": {
            "accuracy": 0.8819548872180449,
            "precision": 0.8534453781512605,
            "recall": 0.4428571428571429,
            "f1": 0.5728254511758976
        },
        "HIGH": {
            "accuracy": 0.8889358108108109,
            "precision": 0.8966666666666667,
            "recall": 0.575,
            "f1": 0.6997513597513598
        },
        "LOW": {
            "accuracy": 0.8974781765276431,
            "precision": 0.9,
            "recall": 0.8315789473684211,
            "f1": 0.8626009676694609
        }
    },
    "MEDIUM": {
        "VERY_LOW": {
            "accuracy": 0.8491143317230273,
            "precision": 0.3,
            "recall": 0.009859154929577466,
            "f1": 0.01892389649923897
        },
        "MEDIUM": {
            "accuracy": 0.7800751879699249,
            "precision": 0.10697399527186761,
            "recall": 0.09836065573770492,
            "f1": 0.016235729274104636
        },
        "HIGH": {
            "accuracy": 0.844654683065279,
            "precision": 0.0,
            "recall": 0.0,
            "f1": 0.0
        },
        "LOW": {
            "accuracy": 0.8499536607970344,
            "precision": 0.0,
            "recall": 0.0,
            "f1": 0.0
        }
    },
    "HIGH": {
        "VERY_LOW": {
            "accuracy": 0.7270742358078602,
            "precision": 0.0226076993583868,
            "recall": 0.17951807228915664,
            "f1": 0.03937869909218537
        },
        "MEDIUM": {
            "accuracy": 0.7696310312204351,
            "precision": 0.2795730918499353,
            "recall": 0.10823529411764705,
            "f1": 0.05305984712961457
        },
        "HIGH": {
            "accuracy": 0.7547222222222223,
            "precision": 0.10935251798561152,
            "recall": 0.10166666666666666,
            "f1": 0.025067833698030634
        },
        "LOW": {
            "accuracy": 0.8318635607321131,
            "precision": 0.0,
            "recall": 0.0,
            "f1": 0.0
        }
    },
    "LOW": {
        "VERY_LOW": {
            "accuracy": 0.8807522123893804,
            "precision": 0.869811320754717,
            "recall": 0.4462962962962963,
            "f1": 0.5746487488714243
        },
        "MEDIUM": {
            "accuracy": 0.8606829268292682,
            "precision": 0.16,
            "recall": 0.008888888888888889,
            "f1": 0.016347826086956525
        },
        "HIGH": {
            "accuracy": 0.7147623019182652,
            "precision": 0.7101639079578812,
            "recall": 0.3627450980392156,
            "f1": 0.2789073740667511
        },
        "LOW": {
            "accuracy": 0.8199070487993803,
            "precision": 0.6079178885630498,
            "recall": 0.1481481481481482,
            "f1": 0.10194664031620553
        }
    }
}