{
    "MEDIUM": {
        "MEDIUM": {
            "accuracy": 0.8550751879699249,
            "precision": 0.8846153846153847,
            "recall": 0.12295081967213115,
            "f1": 0.20396856842877317
        },
        "VERY_LOW": {
            "accuracy": 0.8008051529790661,
            "precision": 0.806886517943744,
            "recall": 0.5169014084507043,
            "f1": 0.5580309175391095
        },
        "HIGH": {
            "accuracy": 0.7877956480605487,
            "precision": 0.8065989847715735,
            "recall": 0.49076923076923074,
            "f1": 0.5322956486453362
        },
        "LOW": {
            "accuracy": 0.791380908248378,
            "precision": 0.3394005560511205,
            "recall": 0.41,
            "f1": 0.3322403331046388
        }
    },
    "VERY_LOW": {
        "MEDIUM": {
            "accuracy": 0.8849624060150376,
            "precision": 0.8861111111111111,
            "recall": 0.5020408163265306,
            "f1": 0.6385644221372753
        },
        "VERY_LOW": {
            "accuracy": 0.892204724409449,
            "precision": 0.9,
            "recall": 0.6697674418604651,
            "f1": 0.7674645963578912
        },
        "HIGH": {
            "accuracy": 0.8771114864864865,
            "precision": 0.7631998474446988,
            "recall": 0.6425,
            "f1": 0.6438100788100789
        },
        "LOW": {
            "accuracy": 0.8987390882638217,
            "precision": 0.9,
            "recall": 0.8657894736842107,
            "f1": 0.8820231660231659
        }
    },
    "HIGH": {
        "MEDIUM": {
            "accuracy": 0.6812677388836329,
            "precision": 0.4900239232704283,
            "recall": 0.43764705882352944,
            "f1": 0.3104117445528368
        },
        "VERY_LOW": {
            "accuracy": 0.8455021834061135,
            "precision": 0.5601308029591862,
            "recall": 0.4614457831325301,
            "f1": 0.4888957422873542
        },
        "HIGH": {
            "accuracy": 0.8267361111111111,
            "precision": 0.4817328554123729,
            "recall": 0.5625,
            "f1": 0.5050041846633846
        },
        "LOW": {
            "accuracy": 0.8327787021630615,
            "precision": 0.474133232775232,
            "recall": 0.4329670329670329,
            "f1": 0.4377385366695818
        }
    },
    "LOW": {
        "MEDIUM": {
            "accuracy": 0.8755121951219511,
            "precision": 0.9,
            "recall": 0.34222222222222226,
            "f1": 0.4845534935857517
        },
        "VERY_LOW": {
            "accuracy": 0.8844395280235988,
            "precision": 0.9,
            "recall": 0.5092592592592593,
            "f1": 0.6498795180722892
        },
        "HIGH": {
            "accuracy": 0.8862385321100918,
            "precision": 0.9,
            "recall": 0.5764705882352942,
            "f1": 0.7014633931338753
        },
        "LOW": {
            "accuracy": 0.8689388071262586,
            "precision": 0.8720238095238095,
            "recall": 0.16851851851851848,
            "f1": 0.2751763107512867
        }
    }
}