{
    "MEDIUM": {
        "MEDIUM": {
            "accuracy": 0.9709253170502583,
            "precision": 0.7725811485561012,
            "recall": 0.7048780487804878,
            "f1": 0.7363887741930457
        },
        "HIGH": {
            "accuracy": 0.9772684310018903,
            "precision": 0.8180794669366389,
            "recall": 0.8138461538461538,
            "f1": 0.8147930034779204
        },
        "LOW": {
            "accuracy": 0.9729166666666667,
            "precision": 0.7607200700892209,
            "recall": 0.756198347107438,
            "f1": 0.7575549582746831
        },
        "VERY_LOW": {
            "accuracy": 0.9807723250201127,
            "precision": 0.8395124784356988,
            "recall": 0.8007407407407408,
            "f1": 0.8189052171289442
        }
    },
    "HIGH": {
        "MEDIUM": {
            "accuracy": 0.9419659735349717,
            "precision": 0.6431680788489683,
            "recall": 0.6252941176470588,
            "f1": 0.6331438798483427
        },
        "HIGH": {
            "accuracy": 0.9581540596807772,
            "precision": 0.7607310024711198,
            "recall": 0.7451219512195123,
            "f1": 0.7524202504005205
        },
        "LOW": {
            "accuracy": 0.9602494802494803,
            "precision": 0.7430606495281877,
            "recall": 0.7327868852459016,
            "f1": 0.7373827114573779
        },
        "VERY_LOW": {
            "accuracy": 0.9556525534701004,
            "precision": 0.7027002256186357,
            "recall": 0.6672727272727274,
            "f1": 0.6838653684982285
        }
    },
    "LOW": {
        "MEDIUM": {
            "accuracy": 0.9907849829351536,
            "precision": 0.9102848478291516,
            "recall": 0.8590361445783132,
            "f1": 0.8831325097442326
        },
        "HIGH": {
            "accuracy": 0.9879533138807839,
            "precision": 0.8715230434972657,
            "recall": 0.8456310679611649,
            "f1": 0.8578846317726008
        },
        "LOW": {
            "accuracy": 0.9876887340301975,
            "precision": 0.8707758746520987,
            "recall": 0.8209523809523811,
            "f1": 0.8443457027228541
        },
        "VERY_LOW": {
            "accuracy": 0.99686809137804,
            "precision": 0.9718004297378172,
            "recall": 0.9513513513513514,
            "f1": 0.9613442960980002
        }
    },
    "VERY_LOW": {
        "MEDIUM": {
            "accuracy": 0.9970323065364388,
            "precision": 0.9746446058652788,
            "recall": 0.9391304347826086,
            "f1": 0.9560899069326645
        },
        "HIGH": {
            "accuracy": 0.9961587167581258,
            "precision": 0.953108162250699,
            "recall": 0.9353658536585365,
            "f1": 0.943953104874784
        },
        "LOW": {
            "accuracy": 0.9970902036857419,
            "precision": 0.9685466265637958,
            "recall": 0.9493150684931507,
            "f1": 0.958434883801153
        },
        "VERY_LOW": {
            "accuracy": 0.998465171192444,
            "precision": 0.9801408105816997,
            "recall": 0.9764044943820224,
            "f1": 0.9781143032036574
        }
    }
}