{
    "MEDIUM": {
        "MEDIUM": {
            "accuracy": 0.9733677782996711,
            "precision": 0.7920518789779457,
            "recall": 0.732520325203252,
            "f1": 0.7602259044915579
        },
        "HIGH": {
            "accuracy": 0.9784026465028356,
            "precision": 0.8380145548245432,
            "recall": 0.8053846153846154,
            "f1": 0.8209159077519607
        },
        "LOW": {
            "accuracy": 0.9725462962962963,
            "precision": 0.7668326796111241,
            "recall": 0.7347107438016529,
            "f1": 0.7497860451192908
        },
        "VERY_LOW": {
            "accuracy": 0.9813354786806114,
            "precision": 0.8325194505505673,
            "recall": 0.8251851851851854,
            "f1": 0.8278947055717734
        }
    },
    "HIGH": {
        "MEDIUM": {
            "accuracy": 0.9411625708884687,
            "precision": 0.6490060573753862,
            "recall": 0.5858823529411764,
            "f1": 0.6151903339324443
        },
        "HIGH": {
            "accuracy": 0.9579458709229701,
            "precision": 0.7514719908940204,
            "recall": 0.7589430894308943,
            "f1": 0.7550532173008772
        },
        "LOW": {
            "accuracy": 0.9619958419958421,
            "precision": 0.7568211961623159,
            "recall": 0.7382513661202186,
            "f1": 0.7470013444088721
        },
        "VERY_LOW": {
            "accuracy": 0.9543867306852905,
            "precision": 0.6848279369874897,
            "recall": 0.6793939393939393,
            "f1": 0.6819932889386425
        }
    },
    "LOW": {
        "MEDIUM": {
            "accuracy": 0.9902486591906389,
            "precision": 0.8942836312945734,
            "recall": 0.86144578313253,
            "f1": 0.8771278454532346
        },
        "HIGH": {
            "accuracy": 0.9886202584410171,
            "precision": 0.8798605645036395,
            "recall": 0.853398058252427,
            "f1": 0.865279572959761
        },
        "LOW": {
            "accuracy": 0.9872628726287264,
            "precision": 0.866649084551313,
            "recall": 0.8133333333333332,
            "f1": 0.8376761315113466
        },
        "VERY_LOW": {
            "accuracy": 0.9963154016212232,
            "precision": 0.9681454500094345,
            "recall": 0.9414414414414415,
            "f1": 0.9542912595669828
        }
    },
    "VERY_LOW": {
        "MEDIUM": {
            "accuracy": 0.9975582268970697,
            "precision": 0.9780009119801871,
            "recall": 0.9510869565217392,
            "f1": 0.9640788497519225
        },
        "HIGH": {
            "accuracy": 0.9956521739130435,
            "precision": 0.9548998991020236,
            "recall": 0.9182926829268293,
            "f1": 0.9358772873467472
        },
        "LOW": {
            "accuracy": 0.9967992240543163,
            "precision": 0.9562188385851386,
            "recall": 0.9534246575342464,
            "f1": 0.9544942927460086
        },
        "VERY_LOW": {
            "accuracy": 0.998504525777253,
            "precision": 0.9789398600722983,
            "recall": 0.9786516853932585,
            "f1": 0.9786863953798866
        }
    }
}