{
    "MEDIUM": {
        "MEDIUM": {
            "accuracy": 0.9721465476749647,
            "precision": 0.7838667488683475,
            "recall": 0.7170731707317073,
            "f1": 0.7483194279550982
        },
        "HIGH": {
            "accuracy": 0.9781190926275991,
            "precision": 0.8296014350723399,
            "recall": 0.813076923076923,
            "f1": 0.8204057655441543
        },
        "LOW": {
            "accuracy": 0.9725462962962965,
            "precision": 0.763423428216794,
            "recall": 0.740495867768595,
            "f1": 0.750982586905562
        },
        "VERY_LOW": {
            "accuracy": 0.981456154465004,
            "precision": 0.8435731197833105,
            "recall": 0.8103703703703704,
            "f1": 0.8257857050090646
        }
    },
    "HIGH": {
        "MEDIUM": {
            "accuracy": 0.9434782608695652,
            "precision": 0.6625974231380468,
            "recall": 0.6076470588235294,
            "f1": 0.6334351529270729
        },
        "HIGH": {
            "accuracy": 0.9594725884802221,
            "precision": 0.771191385347704,
            "recall": 0.7475609756097562,
            "f1": 0.7589647965223464
        },
        "LOW": {
            "accuracy": 0.9614137214137214,
            "precision": 0.7564080880055898,
            "recall": 0.7273224043715847,
            "f1": 0.7412568455477206
        },
        "VERY_LOW": {
            "accuracy": 0.9533828022697513,
            "precision": 0.6801800075282067,
            "recall": 0.6696969696969697,
            "f1": 0.6738649342364853
        }
    },
    "LOW": {
        "MEDIUM": {
            "accuracy": 0.9916138469039494,
            "precision": 0.9150699433677048,
            "recall": 0.8746987951807229,
            "f1": 0.8941074867630394
        },
        "HIGH": {
            "accuracy": 0.9886619424760317,
            "precision": 0.8820242823082772,
            "recall": 0.8514563106796116,
            "f1": 0.865639385369439
        },
        "LOW": {
            "accuracy": 0.986217576461479,
            "precision": 0.8705893386316352,
            "recall": 0.7780952380952381,
            "f1": 0.8209835730992163
        },
        "VERY_LOW": {
            "accuracy": 0.9960574797347089,
            "precision": 0.9661127658368363,
            "recall": 0.9369369369369369,
            "f1": 0.9510255088589922
        }
    },
    "VERY_LOW": {
        "MEDIUM": {
            "accuracy": 0.9963185574755824,
            "precision": 0.957713917718064,
            "recall": 0.9358695652173914,
            "f1": 0.9462157434901217
        },
        "HIGH": {
            "accuracy": 0.9963275643731532,
            "precision": 0.9545804000085155,
            "recall": 0.9390243902439023,
            "f1": 0.9464518633126013
        },
        "LOW": {
            "accuracy": 0.9976721629485936,
            "precision": 0.9744058175932878,
            "recall": 0.9602739726027398,
            "f1": 0.967019072829061
        },
        "VERY_LOW": {
            "accuracy": 0.9984258166076347,
            "precision": 0.9809321007461262,
            "recall": 0.9741573033707865,
            "f1": 0.9774824113622337
        }
    }
}