{
    "MEDIUM": {
        "MEDIUM": {
            "accuracy": 0.9717238139971818,
            "precision": 0.7868537039223875,
            "recall": 0.7032520325203253,
            "f1": 0.741889783123371
        },
        "HIGH": {
            "accuracy": 0.9775992438563325,
            "precision": 0.8255814545449109,
            "recall": 0.8053846153846154,
            "f1": 0.8150632317308613
        },
        "LOW": {
            "accuracy": 0.9718981481481481,
            "precision": 0.7502021499061018,
            "recall": 0.7487603305785125,
            "f1": 0.7487948321931757
        },
        "VERY_LOW": {
            "accuracy": 0.9819388576025745,
            "precision": 0.8461034393823205,
            "recall": 0.8170370370370371,
            "f1": 0.830664809025128
        }
    },
    "HIGH": {
        "MEDIUM": {
            "accuracy": 0.9437618147448014,
            "precision": 0.6640414729886486,
            "recall": 0.61,
            "f1": 0.635278113116361
        },
        "HIGH": {
            "accuracy": 0.9579805690492714,
            "precision": 0.7555543544514821,
            "recall": 0.7516260162601627,
            "f1": 0.7532540736241794
        },
        "LOW": {
            "accuracy": 0.9604158004158005,
            "precision": 0.7454443799645671,
            "recall": 0.7289617486338799,
            "f1": 0.7369691585008169
        },
        "VERY_LOW": {
            "accuracy": 0.9565255347010038,
            "precision": 0.7045809902085196,
            "recall": 0.6842424242424243,
            "f1": 0.6937496149051412
        }
    },
    "LOW": {
        "MEDIUM": {
            "accuracy": 0.9904924427108728,
            "precision": 0.9023290843048324,
            "recall": 0.8590361445783132,
            "f1": 0.8796625565672512
        },
        "HIGH": {
            "accuracy": 0.988036681950813,
            "precision": 0.8848060516913238,
            "recall": 0.8310679611650483,
            "f1": 0.856332393008338
        },
        "LOW": {
            "accuracy": 0.9871080139372822,
            "precision": 0.8618209607712097,
            "recall": 0.8142857142857143,
            "f1": 0.8365715350466856
        },
        "VERY_LOW": {
            "accuracy": 0.9959100957995579,
            "precision": 0.9569930368338886,
            "recall": 0.9432432432432432,
            "f1": 0.9497853175401559
        }
    },
    "VERY_LOW": {
        "MEDIUM": {
            "accuracy": 0.9966190833959431,
            "precision": 0.9523748262808983,
            "recall": 0.95,
            "f1": 0.9509499634182881
        },
        "HIGH": {
            "accuracy": 0.9962431405656396,
            "precision": 0.950882192846564,
            "recall": 0.9402439024390243,
            "f1": 0.9454228352003549
        },
        "LOW": {
            "accuracy": 0.9981086323957324,
            "precision": 0.9810710334394546,
            "recall": 0.9657534246575343,
            "f1": 0.9728596224101527
        },
        "VERY_LOW": {
            "accuracy": 0.9985045257772531,
            "precision": 0.9909660653937763,
            "recall": 0.9662921348314606,
            "f1": 0.9782677387785116
        }
    }
}