{
    "MEDIUM": {
        "MEDIUM": {
            "accuracy": 0.9735556599342414,
            "precision": 0.7907773734943634,
            "recall": 0.7398373983739839,
            "f1": 0.7635362464776176
        },
        "HIGH": {
            "accuracy": 0.9781663516068052,
            "precision": 0.8284770865659237,
            "recall": 0.8146153846153845,
            "f1": 0.8210806274297818
        },
        "LOW": {
            "accuracy": 0.971574074074074,
            "precision": 0.754114354927164,
            "recall": 0.7322314049586777,
            "f1": 0.7426221666488664
        },
        "VERY_LOW": {
            "accuracy": 0.9826629123089299,
            "precision": 0.8437450286833112,
            "recall": 0.8362962962962964,
            "f1": 0.8397254175315808
        }
    },
    "HIGH": {
        "MEDIUM": {
            "accuracy": 0.9447069943289226,
            "precision": 0.6633413056798189,
            "recall": 0.6364705882352941,
            "f1": 0.6490821020187212
        },
        "HIGH": {
            "accuracy": 0.9579458709229701,
            "precision": 0.7519955141110899,
            "recall": 0.7577235772357722,
            "f1": 0.7545965532697079
        },
        "LOW": {
            "accuracy": 0.9607068607068607,
            "precision": 0.7404537765512408,
            "recall": 0.7448087431693989,
            "f1": 0.7425899900278192
        },
        "VERY_LOW": {
            "accuracy": 0.9548668703622873,
            "precision": 0.6911450708532504,
            "recall": 0.6763636363636365,
            "f1": 0.6834069753529415
        }
    },
    "LOW": {
        "MEDIUM": {
            "accuracy": 0.9898098488542175,
            "precision": 0.8798798693461982,
            "recall": 0.8674698795180722,
            "f1": 0.8731426656522896
        },
        "HIGH": {
            "accuracy": 0.9874531054606086,
            "precision": 0.8643072309080064,
            "recall": 0.8407766990291261,
            "f1": 0.8520865374836137
        },
        "LOW": {
            "accuracy": 0.9868757259001162,
            "precision": 0.8662222342552205,
            "recall": 0.8019047619047619,
            "f1": 0.8321863268900946
        },
        "VERY_LOW": {
            "accuracy": 0.9960206337509211,
            "precision": 0.9508847538621215,
            "recall": 0.9522522522522523,
            "f1": 0.9514378504206185
        }
    },
    "VERY_LOW": {
        "MEDIUM": {
            "accuracy": 0.9968820435762586,
            "precision": 0.9702889545248489,
            "recall": 0.9391304347826086,
            "f1": 0.9540136076118937
        },
        "HIGH": {
            "accuracy": 0.9965808357956945,
            "precision": 0.9687824433547385,
            "recall": 0.9317073170731709,
            "f1": 0.9495272658000223
        },
        "LOW": {
            "accuracy": 0.9980601357904948,
            "precision": 0.9768483188144632,
            "recall": 0.9684931506849315,
            "f1": 0.9725043343714459
        },
        "VERY_LOW": {
            "accuracy": 0.9986619441164898,
            "precision": 0.9811805469133266,
            "recall": 0.9808988764044942,
            "f1": 0.9809598842906961
        }
    }
}