{
    "VERY_LOW": {
        "VERY_LOW": {
            "accuracy": 0.9974813065722158,
            "precision": 0.9627860613478727,
            "recall": 0.9662921348314608,
            "f1": 0.9642600112959062
        },
        "HIGH": {
            "accuracy": 0.9953566905867455,
            "precision": 0.9460641025641026,
            "recall": 0.921951219512195,
            "f1": 0.9327252537566345
        },
        "LOW": {
            "accuracy": 0.997478176527643,
            "precision": 0.9585039259742455,
            "recall": 0.9726027397260273,
            "f1": 0.964910786082255
        },
        "MEDIUM": {
            "accuracy": 0.9974455296769346,
            "precision": 0.9652329219965573,
            "recall": 0.9608695652173912,
            "f1": 0.9629815476431842
        }
    },
    "HIGH": {
        "VERY_LOW": {
            "accuracy": 0.9560017459624618,
            "precision": 0.7031296713593094,
            "recall": 0.6727272727272727,
            "f1": 0.6873351431637228
        },
        "HIGH": {
            "accuracy": 0.957737682165163,
            "precision": 0.7664248937999536,
            "recall": 0.7252032520325203,
            "f1": 0.7447644828392354
        },
        "LOW": {
            "accuracy": 0.9602494802494803,
            "precision": 0.7389300647585333,
            "recall": 0.7420765027322405,
            "f1": 0.7396360441661393
        },
        "MEDIUM": {
            "accuracy": 0.9463137996219281,
            "precision": 0.6850042846203963,
            "recall": 0.6176470588235293,
            "f1": 0.648682690582174
        }
    },
    "LOW": {
        "VERY_LOW": {
            "accuracy": 0.995725865880619,
            "precision": 0.9700467761935652,
            "recall": 0.9243243243243242,
            "f1": 0.9463453188110723
        },
        "HIGH": {
            "accuracy": 0.9873280533555648,
            "precision": 0.8740522781001505,
            "recall": 0.8233009708737864,
            "f1": 0.8478109741466296
        },
        "LOW": {
            "accuracy": 0.9845915602013162,
            "precision": 0.8593488343547524,
            "recall": 0.7428571428571429,
            "f1": 0.7966944878302746
        },
        "MEDIUM": {
            "accuracy": 0.9900536323744514,
            "precision": 0.8873550098307954,
            "recall": 0.8650602409638554,
            "f1": 0.8752872367826994
        }
    },
    "MEDIUM": {
        "VERY_LOW": {
            "accuracy": 0.9833467417538214,
            "precision": 0.8749628781801366,
            "recall": 0.8103703703703704,
            "f1": 0.8409286581519165
        },
        "HIGH": {
            "accuracy": 0.9775992438563327,
            "precision": 0.8447137011664182,
            "recall": 0.7815384615384616,
            "f1": 0.8110574965968607
        },
        "LOW": {
            "accuracy": 0.9727777777777777,
            "precision": 0.7795756530121365,
            "recall": 0.7206611570247935,
            "f1": 0.7476157193543645
        },
        "MEDIUM": {
            "accuracy": 0.9689055894786286,
            "precision": 0.7420940072280102,
            "recall": 0.7089430894308943,
            "f1": 0.7242762033769145
        }
    }
}