{
    "MEDIUM": {
        "MEDIUM": {
            "accuracy": 0.9712071395021138,
            "precision": 0.7631901971891741,
            "recall": 0.7284552845528455,
            "f1": 0.7447318547677002
        },
        "HIGH": {
            "accuracy": 0.9773629489603024,
            "precision": 0.817009738626243,
            "recall": 0.8153846153846154,
            "f1": 0.8157759110605787
        },
        "LOW": {
            "accuracy": 0.9718055555555557,
            "precision": 0.758878330586964,
            "recall": 0.7330578512396696,
            "f1": 0.7446348773762048
        },
        "VERY_LOW": {
            "accuracy": 0.9814963797264683,
            "precision": 0.8481430558458836,
            "recall": 0.8037037037037038,
            "f1": 0.8249813016662237
        }
    },
    "HIGH": {
        "MEDIUM": {
            "accuracy": 0.9416351606805291,
            "precision": 0.6456658699783371,
            "recall": 0.6123529411764705,
            "f1": 0.627690418046539
        },
        "HIGH": {
            "accuracy": 0.9577723802914642,
            "precision": 0.7615572984037787,
            "recall": 0.7369918699186992,
            "f1": 0.7486904663895858
        },
        "LOW": {
            "accuracy": 0.9605405405405405,
            "precision": 0.74790430949411,
            "recall": 0.7289617486338799,
            "f1": 0.7377816994869164
        },
        "VERY_LOW": {
            "accuracy": 0.953601047577477,
            "precision": 0.6767804570314748,
            "recall": 0.6818181818181819,
            "f1": 0.6789449145432795
        }
    },
    "LOW": {
        "MEDIUM": {
            "accuracy": 0.9911262798634812,
            "precision": 0.9036194165237028,
            "recall": 0.8759036144578314,
            "f1": 0.8887703941061351
        },
        "HIGH": {
            "accuracy": 0.9877865777407251,
            "precision": 0.8703093232303729,
            "recall": 0.8427184466019417,
            "f1": 0.8555423797682018
        },
        "LOW": {
            "accuracy": 0.986798296554394,
            "precision": 0.8594444005952511,
            "recall": 0.8095238095238095,
            "f1": 0.8326925225990418
        },
        "VERY_LOW": {
            "accuracy": 0.9965733235077376,
            "precision": 0.9638250557558863,
            "recall": 0.9522522522522522,
            "f1": 0.9578628206843758
        }
    },
    "VERY_LOW": {
        "MEDIUM": {
            "accuracy": 0.9970698722764839,
            "precision": 0.9680854384504187,
            "recall": 0.9467391304347826,
            "f1": 0.957076305056284
        },
        "HIGH": {
            "accuracy": 0.9963275643731533,
            "precision": 0.9581409252910253,
            "recall": 0.9353658536585365,
            "f1": 0.9462634927358036
        },
        "LOW": {
            "accuracy": 0.9977691561590687,
            "precision": 0.9714873992613127,
            "recall": 0.9657534246575346,
            "f1": 0.9683293342673351
        },
        "VERY_LOW": {
            "accuracy": 0.9980716253443527,
            "precision": 0.9689585990734013,
            "recall": 0.9764044943820226,
            "f1": 0.9725864835101881
        }
    }
}