{
    "MEDIUM": {
        "MEDIUM": {
            "accuracy": 0.97242837012682,
            "precision": 0.7797210990070388,
            "recall": 0.7325203252032522,
            "f1": 0.7544735122990243
        },
        "HIGH": {
            "accuracy": 0.976984877126654,
            "precision": 0.8134970673754349,
            "recall": 0.8123076923076923,
            "f1": 0.8123181156207284
        },
        "LOW": {
            "accuracy": 0.9711111111111113,
            "precision": 0.7473184461146701,
            "recall": 0.7338842975206613,
            "f1": 0.7400111109276134
        },
        "VERY_LOW": {
            "accuracy": 0.9803298471440065,
            "precision": 0.8261522581316804,
            "recall": 0.8088888888888889,
            "f1": 0.8166696043984061
        }
    },
    "HIGH": {
        "MEDIUM": {
            "accuracy": 0.9428166351606804,
            "precision": 0.655322210088346,
            "recall": 0.6141176470588235,
            "f1": 0.6332209628505555
        },
        "HIGH": {
            "accuracy": 0.9566620402498266,
            "precision": 0.7490758059884661,
            "recall": 0.7410569105691056,
            "f1": 0.7448849747248384
        },
        "LOW": {
            "accuracy": 0.9605405405405406,
            "precision": 0.7433487094755633,
            "recall": 0.7355191256830601,
            "f1": 0.7390190666692902
        },
        "VERY_LOW": {
            "accuracy": 0.95674378000873,
            "precision": 0.698449792914167,
            "recall": 0.7066666666666668,
            "f1": 0.7015405081696953
        }
    },
    "LOW": {
        "MEDIUM": {
            "accuracy": 0.990199902486592,
            "precision": 0.880043167421421,
            "recall": 0.880722891566265,
            "f1": 0.8790671408604351
        },
        "HIGH": {
            "accuracy": 0.9874531054606086,
            "precision": 0.8724042480662236,
            "recall": 0.8300970873786409,
            "f1": 0.8499728837542367
        },
        "LOW": {
            "accuracy": 0.9867208672086718,
            "precision": 0.8656999787064491,
            "recall": 0.798095238095238,
            "f1": 0.8300056444521153
        },
        "VERY_LOW": {
            "accuracy": 0.9953205600589536,
            "precision": 0.9564768504180412,
            "recall": 0.927927927927928,
            "f1": 0.9418520223024196
        }
    },
    "VERY_LOW": {
        "MEDIUM": {
            "accuracy": 0.997182569496619,
            "precision": 0.972591389596924,
            "recall": 0.9456521739130436,
            "f1": 0.9586476679872185
        },
        "HIGH": {
            "accuracy": 0.9965808357956945,
            "precision": 0.9533809571033304,
            "recall": 0.9475609756097562,
            "f1": 0.9501438183831217
        },
        "LOW": {
            "accuracy": 0.9977206595538313,
            "precision": 0.9753334124135196,
            "recall": 0.9602739726027396,
            "f1": 0.9676288953036876
        },
        "VERY_LOW": {
            "accuracy": 0.9981503345139708,
            "precision": 0.9808780007904264,
            "recall": 0.9662921348314606,
            "f1": 0.9734236700696469
        }
    }
}