{
    "MEDIUM": {
        "MEDIUM": {
            "accuracy": 0.9705965241897605,
            "precision": 0.9465512518388886,
            "recall": 0.5219512195121951,
            "f1": 0.6696140013928968
        },
        "HIGH": {
            "accuracy": 0.9798204158790169,
            "precision": 0.9544114489707752,
            "recall": 0.7061538461538461,
            "f1": 0.8098752421614496
        },
        "LOW": {
            "accuracy": 0.9739814814814816,
            "precision": 0.8956960013516145,
            "recall": 0.606611570247934,
            "f1": 0.7225980332724047
        },
        "VERY_LOW": {
            "accuracy": 0.9845534995977475,
            "precision": 0.9502949670135162,
            "recall": 0.7555555555555555,
            "f1": 0.8412877747173955
        }
    },
    "HIGH": {
        "MEDIUM": {
            "accuracy": 0.9477788279773156,
            "precision": 0.8903431148030891,
            "recall": 0.39999999999999997,
            "f1": 0.5501526734513608
        },
        "HIGH": {
            "accuracy": 0.9634281748785565,
            "precision": 0.8875991772048287,
            "recall": 0.6548780487804878,
            "f1": 0.7534064339682613
        },
        "LOW": {
            "accuracy": 0.9686486486486485,
            "precision": 0.9242865924944568,
            "recall": 0.640983606557377,
            "f1": 0.7565645207732551
        },
        "VERY_LOW": {
            "accuracy": 0.9667394151025753,
            "precision": 0.8828041653273984,
            "recall": 0.6206060606060607,
            "f1": 0.7284048121692482
        }
    },
    "LOW": {
        "MEDIUM": {
            "accuracy": 0.9926377376889324,
            "precision": 0.9660603214222683,
            "recall": 0.8481927710843372,
            "f1": 0.9021956080249893
        },
        "HIGH": {
            "accuracy": 0.9909128803668196,
            "precision": 0.9551322655282526,
            "recall": 0.8271844660194173,
            "f1": 0.8856765943364598
        },
        "LOW": {
            "accuracy": 0.9792102206736354,
            "precision": 0.9297471894624062,
            "recall": 0.5295238095238095,
            "f1": 0.6738562412673896
        },
        "VERY_LOW": {
            "accuracy": 0.9953574060427413,
            "precision": 0.9970778602703216,
            "recall": 0.8891891891891893,
            "f1": 0.939837248446876
        }
    },
    "VERY_LOW": {
        "MEDIUM": {
            "accuracy": 0.9984598046581518,
            "precision": 1.0,
            "recall": 0.9554347826086957,
            "f1": 0.9771123535409888
        },
        "HIGH": {
            "accuracy": 0.9968763191219925,
            "precision": 0.995974025974026,
            "recall": 0.9134146341463415,
            "f1": 0.9523393082997831
        },
        "LOW": {
            "accuracy": 0.9985935984481087,
            "precision": 0.9986111111111111,
            "recall": 0.9616438356164384,
            "f1": 0.979537687407657
        },
        "VERY_LOW": {
            "accuracy": 0.9981109799291618,
            "precision": 0.9988888888888889,
            "recall": 0.9471910112359551,
            "f1": 0.9720377694645445
        }
    }
}