{
    "MEDIUM": {
        "MEDIUM": {
            "accuracy": 0.9436824800375764,
            "precision": 0.27032967032967037,
            "recall": 0.029268292682926828,
            "f1": 0.051945701357466054
        },
        "HIGH": {
            "accuracy": 0.9439508506616259,
            "precision": 0.8445381241565453,
            "recall": 0.10769230769230771,
            "f1": 0.18932197786553373
        },
        "LOW": {
            "accuracy": 0.9482407407407407,
            "precision": 0.7976348161642278,
            "recall": 0.10247933884297522,
            "f1": 0.18108170382580455
        },
        "VERY_LOW": {
            "accuracy": 0.9504424778761063,
            "precision": 0.7548625476451911,
            "recall": 0.1303703703703704,
            "f1": 0.221086007904188
        }
    },
    "HIGH": {
        "MEDIUM": {
            "accuracy": 0.9193761814744802,
            "precision": 0.4920792594133555,
            "recall": 0.05235294117647059,
            "f1": 0.09367916768993037
        },
        "HIGH": {
            "accuracy": 0.9143650242886885,
            "precision": 0.49289891306260014,
            "recall": 0.07520325203252033,
            "f1": 0.13028148107850443
        },
        "LOW": {
            "accuracy": 0.9236590436590438,
            "precision": 0.4874206349206349,
            "recall": 0.04480874316939891,
            "f1": 0.0819790966781775
        },
        "VERY_LOW": {
            "accuracy": 0.927848101265823,
            "precision": 0.4984996959562176,
            "recall": 0.06545454545454546,
            "f1": 0.11514633480380213
        }
    },
    "LOW": {
        "MEDIUM": {
            "accuracy": 0.9675280351048269,
            "precision": 0.9032073906485673,
            "recall": 0.22168674698795182,
            "f1": 0.3525169438769174
        },
        "HIGH": {
            "accuracy": 0.9704460191746561,
            "precision": 0.9442692495660149,
            "recall": 0.33203883495145625,
            "f1": 0.49046280035827017
        },
        "LOW": {
            "accuracy": 0.9734804490902051,
            "precision": 0.9641022621982375,
            "recall": 0.36095238095238097,
            "f1": 0.5238523239123996
        },
        "VERY_LOW": {
            "accuracy": 0.9622697126013264,
            "precision": 0.17298850574712646,
            "recall": 0.09189189189189188,
            "f1": 0.12001799370220426
        }
    },
    "VERY_LOW": {
        "MEDIUM": {
            "accuracy": 0.990871525169046,
            "precision": 0.9565592852539911,
            "recall": 0.7706521739130434,
            "f1": 0.8533680052504418
        },
        "HIGH": {
            "accuracy": 0.9920641620937104,
            "precision": 0.9679445536441861,
            "recall": 0.797560975609756,
            "f1": 0.8739594172691605
        },
        "LOW": {
            "accuracy": 0.9965082444228905,
            "precision": 0.9865921442990798,
            "recall": 0.9136986301369863,
            "f1": 0.9485170647088683
        },
        "VERY_LOW": {
            "accuracy": 0.994529712711531,
            "precision": 0.9946976475348246,
            "recall": 0.8483146067415731,
            "f1": 0.9154356939729608
        }
    }
}