{
    "MEDIUM": {
        "MEDIUM": {
            "accuracy": 0.9422263973696572,
            "precision": 0.0,
            "recall": 0.0,
            "f1": 0.0
        },
        "HIGH": {
            "accuracy": 0.9437145557655956,
            "precision": 0.9194230769230769,
            "recall": 0.09153846153846155,
            "f1": 0.16557982493592543
        },
        "LOW": {
            "accuracy": 0.9475925925925927,
            "precision": 0.7740562378797672,
            "recall": 0.09090909090909091,
            "f1": 0.16205805434648546
        },
        "VERY_LOW": {
            "accuracy": 0.9515285599356396,
            "precision": 0.7931887780163642,
            "recall": 0.14814814814814817,
            "f1": 0.24891921925605526
        }
    },
    "HIGH": {
        "MEDIUM": {
            "accuracy": 0.9266540642722116,
            "precision": 0.8937448755421901,
            "recall": 0.0988235294117647,
            "f1": 0.17742467835415443
        },
        "HIGH": {
            "accuracy": 0.9208188757807079,
            "precision": 0.6755007545706456,
            "recall": 0.13902439024390242,
            "f1": 0.23035375937330235
        },
        "LOW": {
            "accuracy": 0.9266112266112266,
            "precision": 0.684941601226431,
            "recall": 0.06721311475409836,
            "f1": 0.12212373859157363
        },
        "VERY_LOW": {
            "accuracy": 0.9328240942819728,
            "precision": 0.7943014797305417,
            "recall": 0.09272727272727273,
            "f1": 0.16523606747244518
        }
    },
    "LOW": {
        "MEDIUM": {
            "accuracy": 0.967771818625061,
            "precision": 0.8828285145653567,
            "recall": 0.23493975903614456,
            "f1": 0.3688682938451663
        },
        "HIGH": {
            "accuracy": 0.9731137974155896,
            "precision": 0.9553130193686066,
            "recall": 0.39223300970873776,
            "f1": 0.5547414064978591
        },
        "LOW": {
            "accuracy": 0.9754161827332561,
            "precision": 0.9485421652191839,
            "recall": 0.418095238095238,
            "f1": 0.5793205217144635
        },
        "VERY_LOW": {
            "accuracy": 0.9608327192336036,
            "precision": 0.09122807017543859,
            "recall": 0.04684684684684685,
            "f1": 0.06190476190476191
        }
    },
    "VERY_LOW": {
        "MEDIUM": {
            "accuracy": 0.9925244177310294,
            "precision": 0.9689679184169678,
            "recall": 0.8097826086956521,
            "f1": 0.8819298183936523
        },
        "HIGH": {
            "accuracy": 0.9914309835373574,
            "precision": 0.9481700072454811,
            "recall": 0.7963414634146342,
            "f1": 0.8653880040962474
        },
        "LOW": {
            "accuracy": 0.9965082444228905,
            "precision": 0.9882554963430514,
            "recall": 0.9123287671232875,
            "f1": 0.9484012369426911
        },
        "VERY_LOW": {
            "accuracy": 0.9950806768988585,
            "precision": 0.9837756069062772,
            "recall": 0.8741573033707866,
            "f1": 0.9253577029032973
        }
    }
}