{
    "MEDIUM": {
        "MEDIUM": {
            "accuracy": 0.9437294504462189,
            "precision": 0.18125,
            "recall": 0.028455284552845527,
            "f1": 0.04904986355742992
        },
        "HIGH": {
            "accuracy": 0.943194706994329,
            "precision": 0.8434523809523808,
            "recall": 0.09230769230769231,
            "f1": 0.16538477310503083
        },
        "LOW": {
            "accuracy": 0.9481018518518518,
            "precision": 0.8518108997985159,
            "recall": 0.09090909090909091,
            "f1": 0.1630135794038152
        },
        "VERY_LOW": {
            "accuracy": 0.9525744167337088,
            "precision": 0.8465772946859902,
            "recall": 0.15407407407407406,
            "f1": 0.26004127307924974
        }
    },
    "HIGH": {
        "MEDIUM": {
            "accuracy": 0.9260396975425331,
            "precision": 0.8500082345191041,
            "recall": 0.0976470588235294,
            "f1": 0.17422126117020215
        },
        "HIGH": {
            "accuracy": 0.9205065926439973,
            "precision": 0.7449982619547837,
            "recall": 0.1056910569105691,
            "f1": 0.18477489201838257
        },
        "LOW": {
            "accuracy": 0.9252390852390853,
            "precision": 0.65002331002331,
            "recall": 0.038797814207650265,
            "f1": 0.07305768829606228
        },
        "VERY_LOW": {
            "accuracy": 0.931863814927979,
            "precision": 0.6951615052088198,
            "recall": 0.09696969696969696,
            "f1": 0.16984864829498686
        }
    },
    "LOW": {
        "MEDIUM": {
            "accuracy": 0.9673817649926866,
            "precision": 0.9307112932198744,
            "recall": 0.20963855421686745,
            "f1": 0.34064413904172486
        },
        "HIGH": {
            "accuracy": 0.9684035014589412,
            "precision": 0.9235722208521701,
            "recall": 0.2893203883495145,
            "f1": 0.4367106025010267
        },
        "LOW": {
            "accuracy": 0.9749516066589237,
            "precision": 0.9549190761291358,
            "recall": 0.4038095238095238,
            "f1": 0.5657769700237281
        },
        "VERY_LOW": {
            "accuracy": 0.9591009579955785,
            "precision": 0.0,
            "recall": 0.0,
            "f1": 0.0
        }
    },
    "VERY_LOW": {
        "MEDIUM": {
            "accuracy": 0.9907212622088656,
            "precision": 0.9697183256633654,
            "recall": 0.7554347826086957,
            "f1": 0.8486966866593326
        },
        "HIGH": {
            "accuracy": 0.9918531025749262,
            "precision": 0.9659917053168188,
            "recall": 0.7926829268292683,
            "f1": 0.8705868988627985
        },
        "LOW": {
            "accuracy": 0.9959262851600388,
            "precision": 0.9939846223428311,
            "recall": 0.8904109589041095,
            "f1": 0.9391946518147929
        },
        "VERY_LOW": {
            "accuracy": 0.9943722943722942,
            "precision": 0.9885258681956358,
            "recall": 0.849438202247191,
            "f1": 0.9131747174140153
        }
    }
}