{
    "MEDIUM": {
        "MEDIUM": {
            "accuracy": 0.9487083137623298,
            "precision": 0.9824509803921568,
            "recall": 0.11463414634146343,
            "f1": 0.2044498289909405
        },
        "HIGH": {
            "accuracy": 0.9415406427221169,
            "precision": 0.8347272172272172,
            "recall": 0.06230769230769232,
            "f1": 0.11460170374042263
        },
        "LOW": {
            "accuracy": 0.9475,
            "precision": 0.7934204031262855,
            "recall": 0.08429752066115703,
            "f1": 0.15112193577422434
        },
        "VERY_LOW": {
            "accuracy": 0.9513676588897827,
            "precision": 0.8144511657932709,
            "recall": 0.1362962962962963,
            "f1": 0.23281703479208238
        }
    },
    "HIGH": {
        "MEDIUM": {
            "accuracy": 0.9252362948960302,
            "precision": 0.9867521367521368,
            "recall": 0.07058823529411765,
            "f1": 0.13131753158596912
        },
        "HIGH": {
            "accuracy": 0.918736988202637,
            "precision": 0.6811005688946866,
            "recall": 0.09105691056910568,
            "f1": 0.16036855640804037
        },
        "LOW": {
            "accuracy": 0.9256133056133056,
            "precision": 0.7175727050727051,
            "recall": 0.03825136612021858,
            "f1": 0.07226760729952322
        },
        "VERY_LOW": {
            "accuracy": 0.9312963771278918,
            "precision": 0.7770209838321293,
            "recall": 0.06484848484848485,
            "f1": 0.1191611725641171
        }
    },
    "LOW": {
        "MEDIUM": {
            "accuracy": 0.9676255485129206,
            "precision": 0.8941219149749908,
            "recall": 0.22771084337349395,
            "f1": 0.36196820051376655
        },
        "HIGH": {
            "accuracy": 0.9738641100458525,
            "precision": 0.9428333191042599,
            "recall": 0.416504854368932,
            "f1": 0.577346433214714
        },
        "LOW": {
            "accuracy": 0.976113046844754,
            "precision": 0.9642603110426562,
            "recall": 0.42857142857142866,
            "f1": 0.5926819744751638
        },
        "VERY_LOW": {
            "accuracy": 0.9775239498894619,
            "precision": 0.9079544039283263,
            "recall": 0.5018018018018018,
            "f1": 0.6450032060358251
        }
    },
    "VERY_LOW": {
        "MEDIUM": {
            "accuracy": 0.9928249436513898,
            "precision": 0.9725891046003898,
            "recall": 0.816304347826087,
            "f1": 0.886872696823797
        },
        "HIGH": {
            "accuracy": 0.9922752216124946,
            "precision": 0.973924230272398,
            "recall": 0.7987804878048781,
            "f1": 0.8770988185293211
        },
        "LOW": {
            "accuracy": 0.9958292919495635,
            "precision": 0.9779662379699321,
            "recall": 0.9027397260273974,
            "f1": 0.9385820839997333
        },
        "VERY_LOW": {
            "accuracy": 0.9950019677292404,
            "precision": 0.9787456897986312,
            "recall": 0.8764044943820224,
            "f1": 0.9240711865507508
        }
    }
}