{
    "MEDIUM": {
        "MEDIUM": {
            "accuracy": 0.945937059652419,
            "precision": 0.9875,
            "recall": 0.06585365853658537,
            "f1": 0.12055056417511452
        },
        "HIGH": {
            "accuracy": 0.9425803402646503,
            "precision": 0.9205244755244755,
            "recall": 0.07153846153846152,
            "f1": 0.13220988320011245
        },
        "LOW": {
            "accuracy": 0.9470370370370371,
            "precision": 0.8049108734402853,
            "recall": 0.07272727272727274,
            "f1": 0.1320515174322911
        },
        "VERY_LOW": {
            "accuracy": 0.9506033789219629,
            "precision": 0.7682553827751196,
            "recall": 0.1274074074074074,
            "f1": 0.21764900046580477
        }
    },
    "HIGH": {
        "MEDIUM": {
            "accuracy": 0.9260869565217391,
            "precision": 0.9283528154851683,
            "recall": 0.08647058823529412,
            "f1": 0.15807051175498252
        },
        "HIGH": {
            "accuracy": 0.9195350451075642,
            "precision": 0.690227996592094,
            "recall": 0.10365853658536586,
            "f1": 0.17961978522666538
        },
        "LOW": {
            "accuracy": 0.9264864864864866,
            "precision": 0.752149770164476,
            "recall": 0.05081967213114754,
            "f1": 0.09482080591523259
        },
        "VERY_LOW": {
            "accuracy": 0.9323003055434306,
            "precision": 0.7981874416433239,
            "recall": 0.0806060606060606,
            "f1": 0.14634855304643737
        }
    },
    "LOW": {
        "MEDIUM": {
            "accuracy": 0.9673817649926866,
            "precision": 0.9055601124022177,
            "recall": 0.21686746987951805,
            "f1": 0.3491311793136826
        },
        "HIGH": {
            "accuracy": 0.9725302209253857,
            "precision": 0.9254172482310044,
            "recall": 0.39320388349514557,
            "f1": 0.5505153794513608
        },
        "LOW": {
            "accuracy": 0.975687185443283,
            "precision": 0.9530047254160692,
            "recall": 0.42285714285714276,
            "f1": 0.585561006272566
        },
        "VERY_LOW": {
            "accuracy": 0.9769712601326457,
            "precision": 0.9491744790847682,
            "recall": 0.463963963963964,
            "f1": 0.6213244943067743
        }
    },
    "VERY_LOW": {
        "MEDIUM": {
            "accuracy": 0.9917731029301278,
            "precision": 0.9508349099994629,
            "recall": 0.8032608695652174,
            "f1": 0.8703709052520294
        },
        "HIGH": {
            "accuracy": 0.9911355002110595,
            "precision": 0.9551033678724172,
            "recall": 0.7817073170731706,
            "f1": 0.8585513775122194
        },
        "LOW": {
            "accuracy": 0.995780795344326,
            "precision": 0.9791766187649305,
            "recall": 0.9,
            "f1": 0.9377714264215383
        },
        "VERY_LOW": {
            "accuracy": 0.9951987406532862,
            "precision": 0.974514479309299,
            "recall": 0.8865168539325842,
            "f1": 0.9280666213207776
        }
    }
}