{
    "MEDIUM": {
        "MEDIUM": {
            "accuracy": 0.9705025833724752,
            "precision": 0.9310323018075988,
            "recall": 0.5292682926829269,
            "f1": 0.6735439341783572
        },
        "HIGH": {
            "accuracy": 0.980671077504726,
            "precision": 0.9327559586091093,
            "recall": 0.7384615384615385,
            "f1": 0.8242095110763362
        },
        "LOW": {
            "accuracy": 0.9768981481481482,
            "precision": 0.8892753978886736,
            "recall": 0.6719008264462809,
            "f1": 0.7649056425322927
        },
        "VERY_LOW": {
            "accuracy": 0.9847948511665325,
            "precision": 0.9472196357820056,
            "recall": 0.7629629629629631,
            "f1": 0.8448500858550654
        }
    },
    "HIGH": {
        "MEDIUM": {
            "accuracy": 0.9511342155009451,
            "precision": 0.9031156400922604,
            "recall": 0.43882352941176467,
            "f1": 0.5900203382807188
        },
        "HIGH": {
            "accuracy": 0.9634281748785565,
            "precision": 0.8895304054578193,
            "recall": 0.6524390243902438,
            "f1": 0.7521630851329295
        },
        "LOW": {
            "accuracy": 0.9690228690228689,
            "precision": 0.9088527664884156,
            "recall": 0.659016393442623,
            "f1": 0.7637720347885462
        },
        "VERY_LOW": {
            "accuracy": 0.9655608904408555,
            "precision": 0.86129995094112,
            "recall": 0.623030303030303,
            "f1": 0.7226195700535458
        }
    },
    "LOW": {
        "MEDIUM": {
            "accuracy": 0.9938078985860557,
            "precision": 0.9686285408882694,
            "recall": 0.8759036144578314,
            "f1": 0.9194823398795607
        },
        "HIGH": {
            "accuracy": 0.9913297207169653,
            "precision": 0.9667908186891218,
            "recall": 0.8271844660194174,
            "f1": 0.8910621717982192
        },
        "LOW": {
            "accuracy": 0.9788617886178861,
            "precision": 0.9269023664788009,
            "recall": 0.520952380952381,
            "f1": 0.6662094747774565
        },
        "VERY_LOW": {
            "accuracy": 0.995283714075166,
            "precision": 1.0,
            "recall": 0.8846846846846846,
            "f1": 0.938654344863141
        }
    },
    "VERY_LOW": {
        "MEDIUM": {
            "accuracy": 0.9985725018782869,
            "precision": 1.0,
            "recall": 0.958695652173913,
            "f1": 0.9788694415068859
        },
        "HIGH": {
            "accuracy": 0.9977205571971297,
            "precision": 0.9935680636777129,
            "recall": 0.9402439024390243,
            "f1": 0.9659524201521748
        },
        "LOW": {
            "accuracy": 0.9989815712900099,
            "precision": 0.9972222222222221,
            "recall": 0.9739726027397262,
            "f1": 0.9853815228535966
        },
        "VERY_LOW": {
            "accuracy": 0.9987012987012986,
            "precision": 1.0,
            "recall": 0.9629213483146067,
            "f1": 0.9809680098434186
        }
    }
}