{
    "MEDIUM": {
        "MEDIUM": {
            "accuracy": 0.9670737435415688,
            "precision": 1.0,
            "recall": 0.4300813008130081,
            "f1": 0.5999302313112395
        },
        "HIGH": {
            "accuracy": 0.9777410207939508,
            "precision": 1.0,
            "recall": 0.6376923076923078,
            "f1": 0.7779483998057944
        },
        "LOW": {
            "accuracy": 0.9683333333333334,
            "precision": 0.8753728179660731,
            "recall": 0.5066115702479339,
            "f1": 0.6412966200974728
        },
        "VERY_LOW": {
            "accuracy": 0.9794448913917939,
            "precision": 0.9978347378277153,
            "recall": 0.622962962962963,
            "f1": 0.7657945492516409
        }
    },
    "HIGH": {
        "MEDIUM": {
            "accuracy": 0.9496691871455576,
            "precision": 0.918864283927031,
            "recall": 0.41000000000000003,
            "f1": 0.5659744419167116
        },
        "HIGH": {
            "accuracy": 0.9625607217210271,
            "precision": 0.9079617506135801,
            "recall": 0.6252032520325204,
            "f1": 0.7400692044457188
        },
        "LOW": {
            "accuracy": 0.9622453222453224,
            "precision": 0.9014627082293629,
            "recall": 0.566120218579235,
            "f1": 0.6947127962418508
        },
        "VERY_LOW": {
            "accuracy": 0.9556089044085553,
            "precision": 0.8373502554123785,
            "recall": 0.47575757575757577,
            "f1": 0.6058363683195486
        }
    },
    "LOW": {
        "MEDIUM": {
            "accuracy": 0.9824475865431497,
            "precision": 1.0,
            "recall": 0.5662650602409639,
            "f1": 0.7221152384983653
        },
        "HIGH": {
            "accuracy": 0.9826594414339308,
            "precision": 1.0,
            "recall": 0.5961165048543688,
            "f1": 0.7457842058742109
        },
        "LOW": {
            "accuracy": 0.9766937669376693,
            "precision": 0.9678010914096117,
            "recall": 0.4419047619047619,
            "f1": 0.6050383381293711
        },
        "VERY_LOW": {
            "accuracy": 0.9877302873986734,
            "precision": 1.0,
            "recall": 0.7000000000000001,
            "f1": 0.822615627364377
        }
    },
    "VERY_LOW": {
        "MEDIUM": {
            "accuracy": 0.993876784372652,
            "precision": 1.0,
            "recall": 0.8228260869565218,
            "f1": 0.9023511889831605
        },
        "HIGH": {
            "accuracy": 0.993372731110173,
            "precision": 0.9971808616239827,
            "recall": 0.8109756097560977,
            "f1": 0.8939364711472516
        },
        "LOW": {
            "accuracy": 0.9949563530552862,
            "precision": 1.0,
            "recall": 0.8575342465753424,
            "f1": 0.9228035592900584
        },
        "VERY_LOW": {
            "accuracy": 0.9947264856355765,
            "precision": 1.0,
            "recall": 0.849438202247191,
            "f1": 0.9183029457317202
        }
    }
}