{
    "MEDIUM": {
        "MEDIUM": {
            "accuracy": 0.9436355096289336,
            "precision": 0.37374999999999997,
            "recall": 0.028455284552845527,
            "f1": 0.05036035619057202
        },
        "HIGH": {
            "accuracy": 0.9424858223062381,
            "precision": 0.8005187794661479,
            "recall": 0.08461538461538462,
            "f1": 0.15244335903917194
        },
        "LOW": {
            "accuracy": 0.9482870370370371,
            "precision": 0.8313032581453633,
            "recall": 0.09834710743801653,
            "f1": 0.17394974486032008
        },
        "VERY_LOW": {
            "accuracy": 0.9525744167337088,
            "precision": 0.8337355864192444,
            "recall": 0.15925925925925924,
            "f1": 0.2670241187882838
        }
    },
    "HIGH": {
        "MEDIUM": {
            "accuracy": 0.9255198487712665,
            "precision": 0.9060876623376624,
            "recall": 0.0811764705882353,
            "f1": 0.1484394840774287
        },
        "HIGH": {
            "accuracy": 0.9193962526023594,
            "precision": 0.6670548853500798,
            "recall": 0.11138211382113823,
            "f1": 0.19078000400431822
        },
        "LOW": {
            "accuracy": 0.9265696465696467,
            "precision": 0.7440659259041612,
            "recall": 0.05409836065573771,
            "f1": 0.10062913032137111
        },
        "VERY_LOW": {
            "accuracy": 0.9314273243125271,
            "precision": 0.7246949687739161,
            "recall": 0.07696969696969695,
            "f1": 0.13834256371531697
        }
    },
    "LOW": {
        "MEDIUM": {
            "accuracy": 0.9682106289614822,
            "precision": 0.8965017721070353,
            "recall": 0.24457831325301208,
            "f1": 0.3826121794516758
        },
        "HIGH": {
            "accuracy": 0.9727386411004586,
            "precision": 0.9216831747954712,
            "recall": 0.39902912621359216,
            "f1": 0.5560906088959818
        },
        "LOW": {
            "accuracy": 0.9758420441347273,
            "precision": 0.9495735829201057,
            "recall": 0.42857142857142866,
            "f1": 0.5899882682574995
        },
        "VERY_LOW": {
            "accuracy": 0.9675018422991893,
            "precision": 0.9938461538461538,
            "recall": 0.209009009009009,
            "f1": 0.31514089774540116
        }
    },
    "VERY_LOW": {
        "MEDIUM": {
            "accuracy": 0.992411720510894,
            "precision": 0.9614246636478407,
            "recall": 0.8130434782608695,
            "f1": 0.880532334371398
        },
        "HIGH": {
            "accuracy": 0.9907978049810044,
            "precision": 0.936874815194833,
            "recall": 0.7878048780487805,
            "f1": 0.8546476366589172
        },
        "LOW": {
            "accuracy": 0.995780795344326,
            "precision": 0.9822963028247983,
            "recall": 0.8972602739726027,
            "f1": 0.937397509751816
        },
        "VERY_LOW": {
            "accuracy": 0.9945690672963401,
            "precision": 0.9748855662301811,
            "recall": 0.8674157303370787,
            "f1": 0.9177116620976182
        }
    }
}