{
    "MEDIUM": {
        "MEDIUM": {
            "accuracy": 0.9380930014091122,
            "precision": 0.3229946524064171,
            "recall": 0.04552845528455284,
            "f1": 0.04801037885152694
        },
        "LOW": {
            "accuracy": 0.9002777777777778,
            "precision": 0.2165222128647625,
            "recall": 0.15041322314049585,
            "f1": 0.060080437498538065
        },
        "HIGH": {
            "accuracy": 0.9386105860113423,
            "precision": 0.2966666666666667,
            "recall": 0.024615384615384615,
            "f1": 0.04080702058755495
        },
        "VERY_LOW": {
            "accuracy": 0.9354786806114241,
            "precision": 0.49598694316436254,
            "recall": 0.08148148148148147,
            "f1": 0.07457403150012122
        }
    },
    "LOW": {
        "MEDIUM": {
            "accuracy": 0.9596294490492442,
            "precision": 0.1,
            "recall": 0.0024096385542168677,
            "f1": 0.004705882352941176
        },
        "LOW": {
            "accuracy": 0.8502129307007357,
            "precision": 0.416067568983173,
            "recall": 0.1895238095238095,
            "f1": 0.03648302980394948
        },
        "HIGH": {
            "accuracy": 0.9571904960400168,
            "precision": 0.3,
            "recall": 0.0029126213592233006,
            "f1": 0.005769230769230768
        },
        "VERY_LOW": {
            "accuracy": 0.9596904937361828,
            "precision": 0.3,
            "recall": 0.014414414414414415,
            "f1": 0.02746934225195095
        }
    },
    "HIGH": {
        "MEDIUM": {
            "accuracy": 0.9196124763705104,
            "precision": 0.38416666666666666,
            "recall": 0.02411764705882353,
            "f1": 0.04055925555045767
        },
        "LOW": {
            "accuracy": 0.8301455301455303,
            "precision": 0.1291856116516814,
            "recall": 0.21311475409836061,
            "f1": 0.09109027308555626
        },
        "HIGH": {
            "accuracy": 0.8759541984732826,
            "precision": 0.27392951723597825,
            "recall": 0.1796747967479675,
            "f1": 0.14981044283317652
        },
        "VERY_LOW": {
            "accuracy": 0.8921868179834134,
            "precision": 0.3998241227888043,
            "recall": 0.13636363636363638,
            "f1": 0.08707858955366188
        }
    },
    "VERY_LOW": {
        "MEDIUM": {
            "accuracy": 0.87374154770849,
            "precision": 0.5034560480841472,
            "recall": 0.14021739130434782,
            "f1": 0.07951022817364864
        },
        "LOW": {
            "accuracy": 0.9675557710960231,
            "precision": 0.1,
            "recall": 0.08356164383561644,
            "f1": 0.09104477611940298
        },
        "HIGH": {
            "accuracy": 0.968130012663571,
            "precision": 0.3875,
            "recall": 0.09390243902439024,
            "f1": 0.10294703869946016
        },
        "VERY_LOW": {
            "accuracy": 0.968516332152696,
            "precision": 0.7,
            "recall": 0.10112359550561797,
            "f1": 0.1684539181572005
        }
    }
}