{
    "MEDIUM": {
        "MEDIUM": {
            "accuracy": 0.8546265852512918,
            "precision": 0.0058266224538133585,
            "recall": 0.1,
            "f1": 0.011011638316920322
        },
        "LOW": {
            "accuracy": 0.8607407407407408,
            "precision": 0.10591108939912067,
            "recall": 0.10578512396694215,
            "f1": 0.022099861623616233
        },
        "HIGH": {
            "accuracy": 0.8751890359168242,
            "precision": 0.008015028177833438,
            "recall": 0.09846153846153846,
            "f1": 0.014823393167342214
        },
        "VERY_LOW": {
            "accuracy": 0.9467819790828642,
            "precision": 0.3,
            "recall": 0.02,
            "f1": 0.0361056710023941
        }
    },
    "LOW": {
        "MEDIUM": {
            "accuracy": 0.9649926864943927,
            "precision": 0.9960000000000001,
            "recall": 0.13614457831325302,
            "f1": 0.23352138043853202
        },
        "LOW": {
            "accuracy": 0.9281842818428183,
            "precision": 0.8186207493039153,
            "recall": 0.4257142857142857,
            "f1": 0.42549297107513573
        },
        "HIGH": {
            "accuracy": 0.8212588578574405,
            "precision": 0.7709026461999506,
            "recall": 0.48058252427184467,
            "f1": 0.4129257597393884
        },
        "VERY_LOW": {
            "accuracy": 0.9310980103168754,
            "precision": 0.7622353482042368,
            "recall": 0.5900900900900901,
            "f1": 0.558400544732153
        }
    },
    "HIGH": {
        "MEDIUM": {
            "accuracy": 0.8564272211720226,
            "precision": 0.10977804439112178,
            "recall": 0.09764705882352942,
            "f1": 0.02121453362324222
        },
        "LOW": {
            "accuracy": 0.9258212058212058,
            "precision": 0.28979591836734697,
            "recall": 0.02786885245901639,
            "f1": 0.0453671973537041
        },
        "HIGH": {
            "accuracy": 0.8525329632199862,
            "precision": 0.3106198526224534,
            "recall": 0.11056910569105691,
            "f1": 0.0393935037524024
        },
        "VERY_LOW": {
            "accuracy": 0.7799650807507639,
            "precision": 0.31625641966250917,
            "recall": 0.20363636363636362,
            "f1": 0.03947106680982863
        }
    },
    "VERY_LOW": {
        "MEDIUM": {
            "accuracy": 0.9906085649887302,
            "precision": 0.9759339411440251,
            "recall": 0.7521739130434782,
            "f1": 0.8438073601437545
        },
        "LOW": {
            "accuracy": 0.9944713870029098,
            "precision": 0.9827528239082735,
            "recall": 0.8616438356164384,
            "f1": 0.9159702509761507
        },
        "HIGH": {
            "accuracy": 0.9888560574081892,
            "precision": 0.9632195282112879,
            "recall": 0.7121951219512195,
            "f1": 0.8127502547476851
        },
        "VERY_LOW": {
            "accuracy": 0.9937426210153483,
            "precision": 0.9741129218677763,
            "recall": 0.8494382022471909,
            "f1": 0.9046955795577649
        }
    }
}