{
    "MEDIUM": {
        "MEDIUM": {
            "accuracy": 0.8934241427900422,
            "precision": 0.30851063829787234,
            "recall": 0.0991869918699187,
            "f1": 0.03744145397773554
        },
        "LOW": {
            "accuracy": 0.8614351851851852,
            "precision": 0.10592300098716682,
            "recall": 0.10165289256198347,
            "f1": 0.01601709812641796
        },
        "HIGH": {
            "accuracy": 0.9268431001890359,
            "precision": 0.3165816326530612,
            "recall": 0.06076923076923076,
            "f1": 0.04535072165814001
        },
        "VERY_LOW": {
            "accuracy": 0.9466210780370072,
            "precision": 0.49444444444444446,
            "recall": 0.017777777777777774,
            "f1": 0.03243093280896405
        }
    },
    "LOW": {
        "MEDIUM": {
            "accuracy": 0.9606045831301804,
            "precision": 0.7,
            "recall": 0.026506024096385538,
            "f1": 0.049891047331678144
        },
        "LOW": {
            "accuracy": 0.9634920634920634,
            "precision": 0.9634408602150538,
            "recall": 0.13428571428571429,
            "f1": 0.1869667269921014
        },
        "HIGH": {
            "accuracy": 0.9582325969153815,
            "precision": 0.5,
            "recall": 0.027184466019417475,
            "f1": 0.05099021179296408
        },
        "VERY_LOW": {
            "accuracy": 0.8743551952837141,
            "precision": 0.8042463657230299,
            "recall": 0.18288288288288287,
            "f1": 0.1504696327324459
        }
    },
    "HIGH": {
        "MEDIUM": {
            "accuracy": 0.9169187145557653,
            "precision": 0.3384496386630533,
            "recall": 0.04823529411764706,
            "f1": 0.07826931314226247
        },
        "LOW": {
            "accuracy": 0.923866943866944,
            "precision": 0.3007699275362319,
            "recall": 0.025136612021857924,
            "f1": 0.04459086198702659
        },
        "HIGH": {
            "accuracy": 0.8755031228313672,
            "precision": 0.3911978415945229,
            "recall": 0.15447154471544716,
            "f1": 0.11028855764335203
        },
        "VERY_LOW": {
            "accuracy": 0.8537319947621127,
            "precision": 0.49893346693205876,
            "recall": 0.1206060606060606,
            "f1": 0.05089669272966689
        }
    },
    "VERY_LOW": {
        "MEDIUM": {
            "accuracy": 0.9749812171299774,
            "precision": 1.0,
            "recall": 0.2760869565217391,
            "f1": 0.4221329227963163
        },
        "LOW": {
            "accuracy": 0.9657129000969935,
            "precision": 0.9194594594594594,
            "recall": 0.4397260273972603,
            "f1": 0.5137324188023322
        },
        "HIGH": {
            "accuracy": 0.9784719290840016,
            "precision": 0.986959406713505,
            "recall": 0.3829268292682927,
            "f1": 0.5351757715951282
        },
        "VERY_LOW": {
            "accuracy": 0.9808736717827624,
            "precision": 1.0,
            "recall": 0.4539325842696629,
            "f1": 0.6174691790981478
        }
    }
}