{
    "MEDIUM": {
        "MEDIUM": {
            "accuracy": 0.8676373884452794,
            "precision": 0.10664850136239783,
            "recall": 0.10162601626016259,
            "f1": 0.017223600369667785
        },
        "LOW": {
            "accuracy": 0.9439814814814815,
            "precision": 0.0,
            "recall": 0.0,
            "f1": 0.0
        },
        "HIGH": {
            "accuracy": 0.8554820415879016,
            "precision": 0.10642927794263106,
            "recall": 0.10307692307692307,
            "f1": 0.018051933640348444
        },
        "VERY_LOW": {
            "accuracy": 0.8123893805309734,
            "precision": 0.11396957673773664,
            "recall": 0.197037037037037,
            "f1": 0.02752980938741471
        }
    },
    "LOW": {
        "MEDIUM": {
            "accuracy": 0.9613359336908825,
            "precision": 0.8,
            "recall": 0.04457831325301205,
            "f1": 0.0823706343104284
        },
        "LOW": {
            "accuracy": 0.8713124274099885,
            "precision": 0.8456313057106474,
            "recall": 0.2866666666666667,
            "f1": 0.25774694317608066
        },
        "HIGH": {
            "accuracy": 0.9634431012922052,
            "precision": 0.8676470588235293,
            "recall": 0.16310679611650486,
            "f1": 0.25286102179898284
        },
        "VERY_LOW": {
            "accuracy": 0.9731024318349301,
            "precision": 0.9749826035091207,
            "recall": 0.3558558558558559,
            "f1": 0.5037353752066891
        }
    },
    "HIGH": {
        "MEDIUM": {
            "accuracy": 0.9198960302457466,
            "precision": 0.1,
            "recall": 0.0029411764705882353,
            "f1": 0.005714285714285715
        },
        "LOW": {
            "accuracy": 0.8428274428274427,
            "precision": 0.16859203001045447,
            "recall": 0.1098360655737705,
            "f1": 0.031805648722069715
        },
        "HIGH": {
            "accuracy": 0.848646773074254,
            "precision": 0.1958894316692482,
            "recall": 0.10284552845528454,
            "f1": 0.02560960506800302
        },
        "VERY_LOW": {
            "accuracy": 0.8467481449148844,
            "precision": 0.05530232748506099,
            "recall": 0.11939393939393939,
            "f1": 0.04161085628031713
        }
    },
    "VERY_LOW": {
        "MEDIUM": {
            "accuracy": 0.987640871525169,
            "precision": 1.0,
            "recall": 0.6423913043478261,
            "f1": 0.7764726028024388
        },
        "LOW": {
            "accuracy": 0.9914645974781765,
            "precision": 0.9940497737556562,
            "recall": 0.7643835616438356,
            "f1": 0.8613913201857478
        },
        "HIGH": {
            "accuracy": 0.9881806669480794,
            "precision": 0.994812341746304,
            "recall": 0.6621951219512195,
            "f1": 0.7896090189151134
        },
        "VERY_LOW": {
            "accuracy": 0.9934671389216844,
            "precision": 0.9975308641975309,
            "recall": 0.8157303370786515,
            "f1": 0.8956908030329268
        }
    }
}