{
    "MEDIUM": {
        "MEDIUM": {
            "accuracy": 0.9422263973696572,
            "precision": 0.0,
            "recall": 0.0,
            "f1": 0.0
        },
        "LOW": {
            "accuracy": 0.9106018518518517,
            "precision": 0.010253583241455347,
            "recall": 0.0768595041322314,
            "f1": 0.01809338521400778
        },
        "HIGH": {
            "accuracy": 0.9385633270321361,
            "precision": 0.0,
            "recall": 0.0,
            "f1": 0.0
        },
        "VERY_LOW": {
            "accuracy": 0.8650040225261465,
            "precision": 0.00593145869947276,
            "recall": 0.1,
            "f1": 0.011198672749896308
        }
    },
    "LOW": {
        "MEDIUM": {
            "accuracy": 0.9595319356411507,
            "precision": 0.0,
            "recall": 0.0,
            "f1": 0.0
        },
        "LOW": {
            "accuracy": 0.9593495934959348,
            "precision": 0.0,
            "recall": 0.0,
            "f1": 0.0
        },
        "HIGH": {
            "accuracy": 0.957065443934973,
            "precision": 0.0,
            "recall": 0.0,
            "f1": 0.0
        },
        "VERY_LOW": {
            "accuracy": 0.688430361090641,
            "precision": 0.012475474035559226,
            "recall": 0.3,
            "f1": 0.023954290968197418
        }
    },
    "HIGH": {
        "MEDIUM": {
            "accuracy": 0.919281663516068,
            "precision": 0.19529411764705884,
            "recall": 0.009411764705882352,
            "f1": 0.01636286795419922
        },
        "LOW": {
            "accuracy": 0.923908523908524,
            "precision": 0.0,
            "recall": 0.0,
            "f1": 0.0
        },
        "HIGH": {
            "accuracy": 0.8689798750867453,
            "precision": 0.13747848585409753,
            "recall": 0.11707317073170734,
            "f1": 0.05189236253827658
        },
        "VERY_LOW": {
            "accuracy": 0.8525098210388476,
            "precision": 0.13318363273453093,
            "recall": 0.11636363636363636,
            "f1": 0.03610721517535496
        }
    },
    "VERY_LOW": {
        "MEDIUM": {
            "accuracy": 0.8723516153268219,
            "precision": 0.0034560480841472575,
            "recall": 0.1,
            "f1": 0.006681190994916484
        },
        "LOW": {
            "accuracy": 0.871677982541222,
            "precision": 0.003540252182347236,
            "recall": 0.1,
            "f1": 0.006838407494145199
        },
        "HIGH": {
            "accuracy": 0.9653862389193753,
            "precision": 0.0,
            "recall": 0.0,
            "f1": 0.0
        },
        "VERY_LOW": {
            "accuracy": 0.8719795356158991,
            "precision": 0.0035025580480125933,
            "recall": 0.1,
            "f1": 0.006768060836501902
        }
    }
}