{
    "MEDIUM": {
        "MEDIUM": {
            "accuracy": 0.7895255988727101,
            "precision": 0.11307028903992615,
            "recall": 0.19918699186991867,
            "f1": 0.026135207139959326
        },
        "LOW": {
            "accuracy": 0.9440740740740742,
            "precision": 0.2,
            "recall": 0.001652892561983471,
            "f1": 0.003278688524590164
        },
        "HIGH": {
            "accuracy": 0.9037807183364839,
            "precision": 0.3108421052631579,
            "recall": 0.08538461538461536,
            "f1": 0.030951038600342602
        },
        "VERY_LOW": {
            "accuracy": 0.7700724054706356,
            "precision": 0.21100431616059018,
            "recall": 0.2014814814814815,
            "f1": 0.02380183726558404
        }
    },
    "LOW": {
        "MEDIUM": {
            "accuracy": 0.9305216967333008,
            "precision": 0.5281327831679119,
            "recall": 0.1819277108433735,
            "f1": 0.11157768126433856
        },
        "LOW": {
            "accuracy": 0.9372822299651569,
            "precision": 0.9104664391353812,
            "recall": 0.2066666666666667,
            "f1": 0.21936354825591847
        },
        "HIGH": {
            "accuracy": 0.9609837432263442,
            "precision": 0.9,
            "recall": 0.0912621359223301,
            "f1": 0.1599020695533684
        },
        "VERY_LOW": {
            "accuracy": 0.8818717759764185,
            "precision": 0.8878692301881091,
            "recall": 0.36666666666666675,
            "f1": 0.4064052116708945
        }
    },
    "HIGH": {
        "MEDIUM": {
            "accuracy": 0.9183837429111532,
            "precision": 0.30151978784169725,
            "recall": 0.03705882352941177,
            "f1": 0.051090234716842466
        },
        "LOW": {
            "accuracy": 0.9243243243243242,
            "precision": 0.5512820512820513,
            "recall": 0.015846994535519125,
            "f1": 0.02771912461170773
        },
        "HIGH": {
            "accuracy": 0.8338653712699514,
            "precision": 0.44624212945345043,
            "recall": 0.18455284552845527,
            "f1": 0.09997922475975268
        },
        "VERY_LOW": {
            "accuracy": 0.847140986468791,
            "precision": 0.044938201782216455,
            "recall": 0.11515151515151516,
            "f1": 0.03572089545609334
        }
    },
    "VERY_LOW": {
        "MEDIUM": {
            "accuracy": 0.9854244928625094,
            "precision": 1.0,
            "recall": 0.5782608695652174,
            "f1": 0.7293001431862212
        },
        "LOW": {
            "accuracy": 0.98729388942774,
            "precision": 1.0,
            "recall": 0.6410958904109589,
            "f1": 0.7778933914356665
        },
        "HIGH": {
            "accuracy": 0.9852680455888562,
            "precision": 0.9955128205128204,
            "recall": 0.576829268292683,
            "f1": 0.7262079522460722
        },
        "VERY_LOW": {
            "accuracy": 0.8953168044077134,
            "precision": 0.9036046982584042,
            "recall": 0.6853932584269663,
            "f1": 0.7105281731344231
        }
    }
}