{
    "MEDIUM": {
        "MEDIUM": {
            "accuracy": 0.9301550023485203,
            "precision": 0.017468354430379744,
            "recall": 0.056097560975609764,
            "f1": 0.026640926640926637
        },
        "LOW": {
            "accuracy": 0.9068055555555554,
            "precision": 0.010049751243781095,
            "recall": 0.0834710743801653,
            "f1": 0.01793960923623446
        },
        "HIGH": {
            "accuracy": 0.9385633270321361,
            "precision": 0.0,
            "recall": 0.0,
            "f1": 0.0
        },
        "VERY_LOW": {
            "accuracy": 0.6675784392598553,
            "precision": 0.02893264239579823,
            "recall": 0.36888888888888893,
            "f1": 0.05254767300363813
        }
    },
    "LOW": {
        "MEDIUM": {
            "accuracy": 0.9595319356411507,
            "precision": 0.0,
            "recall": 0.0,
            "f1": 0.0
        },
        "LOW": {
            "accuracy": 0.9593495934959348,
            "precision": 0.0,
            "recall": 0.0,
            "f1": 0.0
        },
        "HIGH": {
            "accuracy": 0.8665694039182995,
            "precision": 0.004333193100546908,
            "recall": 0.1,
            "f1": 0.008306451612903224
        },
        "VERY_LOW": {
            "accuracy": 0.9591009579955785,
            "precision": 0.0,
            "recall": 0.0,
            "f1": 0.0
        }
    },
    "HIGH": {
        "MEDIUM": {
            "accuracy": 0.8445652173913043,
            "precision": 0.008727272727272728,
            "recall": 0.09882352941176471,
            "f1": 0.0160381861575179
        },
        "LOW": {
            "accuracy": 0.7776715176715177,
            "precision": 0.016935510170804288,
            "recall": 0.1939890710382514,
            "f1": 0.031124897321454216
        },
        "HIGH": {
            "accuracy": 0.8666551006245664,
            "precision": 0.011816675869685257,
            "recall": 0.08699186991869919,
            "f1": 0.020807000486144873
        },
        "VERY_LOW": {
            "accuracy": 0.8484941073766914,
            "precision": 0.007631456491391344,
            "recall": 0.0993939393939394,
            "f1": 0.014174589455488332
        }
    },
    "VERY_LOW": {
        "MEDIUM": {
            "accuracy": 0.7792637114951166,
            "precision": 0.006912096168294515,
            "recall": 0.2,
            "f1": 0.013362381989832969
        },
        "LOW": {
            "accuracy": 0.871677982541222,
            "precision": 0.003540252182347236,
            "recall": 0.1,
            "f1": 0.006838407494145199
        },
        "HIGH": {
            "accuracy": 0.9653862389193753,
            "precision": 0.0,
            "recall": 0.0,
            "f1": 0.0
        },
        "VERY_LOW": {
            "accuracy": 0.9649744195198741,
            "precision": 0.0,
            "recall": 0.0,
            "f1": 0.0
        }
    }
}