{
    "MEDIUM": {
        "MEDIUM": {
            "accuracy": 0.9422263973696572,
            "precision": 0.0,
            "recall": 0.0,
            "f1": 0.0
        },
        "LOW": {
            "accuracy": 0.9439814814814815,
            "precision": 0.0,
            "recall": 0.0,
            "f1": 0.0
        },
        "HIGH": {
            "accuracy": 0.8690453686200377,
            "precision": 0.00746096009253904,
            "recall": 0.09923076923076923,
            "f1": 0.013878429263044648
        },
        "VERY_LOW": {
            "accuracy": 0.9463395012067579,
            "precision": 0.3,
            "recall": 0.011851851851851851,
            "f1": 0.021957863832058767
        }
    },
    "LOW": {
        "MEDIUM": {
            "accuracy": 0.9629449049244272,
            "precision": 0.9526315789473685,
            "recall": 0.11686746987951808,
            "f1": 0.187665691825214
        },
        "LOW": {
            "accuracy": 0.9010840108401084,
            "precision": 0.803786691874506,
            "recall": 0.4114285714285715,
            "f1": 0.42963465347176805
        },
        "HIGH": {
            "accuracy": 0.9616923718215922,
            "precision": 0.8,
            "recall": 0.1077669902912621,
            "f1": 0.17747640630230005
        },
        "VERY_LOW": {
            "accuracy": 0.9166175386882831,
            "precision": 0.7909913921748033,
            "recall": 0.5261261261261262,
            "f1": 0.556007182170737
        }
    },
    "HIGH": {
        "MEDIUM": {
            "accuracy": 0.7720226843100189,
            "precision": 0.01778978836638575,
            "recall": 0.19647058823529412,
            "f1": 0.03259631107927893
        },
        "LOW": {
            "accuracy": 0.923908523908524,
            "precision": 0.0,
            "recall": 0.0,
            "f1": 0.0
        },
        "HIGH": {
            "accuracy": 0.8376821651630812,
            "precision": 0.00907749077490775,
            "recall": 0.1,
            "f1": 0.016644113667117728
        },
        "VERY_LOW": {
            "accuracy": 0.7807507638585771,
            "precision": 0.01633508195348225,
            "recall": 0.19757575757575757,
            "f1": 0.030155006683118945
        }
    },
    "VERY_LOW": {
        "MEDIUM": {
            "accuracy": 0.9903080390683696,
            "precision": 0.9671349855483278,
            "recall": 0.7489130434782609,
            "f1": 0.8394991391730457
        },
        "LOW": {
            "accuracy": 0.9938409311348206,
            "precision": 0.9884615384615385,
            "recall": 0.8383561643835616,
            "f1": 0.9042098354675152
        },
        "HIGH": {
            "accuracy": 0.9899957788096245,
            "precision": 0.9577973295234313,
            "recall": 0.753658536585366,
            "f1": 0.8373828047010814
        },
        "VERY_LOW": {
            "accuracy": 0.9376229830775286,
            "precision": 0.8973600774794583,
            "recall": 0.849438202247191,
            "f1": 0.824656218905113
        }
    }
}