{
    "MEDIUM": {
        "MEDIUM": {
            "accuracy": 0.9725849381556286,
            "precision": 0.7788611470363541,
            "recall": 0.7371273712737128,
            "f1": 0.7566747098697216
        },
        "VERY_LOW": {
            "accuracy": 0.9818718155001344,
            "precision": 0.8427435120053438,
            "recall": 0.8200000000000001,
            "f1": 0.8306522918858288
        },
        "LOW": {
            "accuracy": 0.972114197530864,
            "precision": 0.7541439837390589,
            "recall": 0.7473829201101928,
            "f1": 0.7499629263248178
        },
        "HIGH": {
            "accuracy": 0.9772369250157531,
            "precision": 0.8172958600245116,
            "recall": 0.8133333333333337,
            "f1": 0.8145690215861788
        }
    },
    "VERY_LOW": {
        "MEDIUM": {
            "accuracy": 0.9972326571500127,
            "precision": 0.9753879369652645,
            "recall": 0.9442028985507245,
            "f1": 0.9593394763267377
        },
        "VERY_LOW": {
            "accuracy": 0.9984126984126986,
            "precision": 0.9753290083000348,
            "recall": 0.9797752808988766,
            "f1": 0.9773940619298572
        },
        "LOW": {
            "accuracy": 0.9974458454574848,
            "precision": 0.9639937916625214,
            "recall": 0.964383561643836,
            "f1": 0.9638826413322394
        },
        "HIGH": {
            "accuracy": 0.996186858027297,
            "precision": 0.9488388844644671,
            "recall": 0.9414634146341464,
            "f1": 0.9446874422788447
        }
    },
    "LOW": {
        "MEDIUM": {
            "accuracy": 0.9909475052819763,
            "precision": 0.899602491786182,
            "recall": 0.8746987951807229,
            "f1": 0.8866640665545603
        },
        "VERY_LOW": {
            "accuracy": 0.9966961434536967,
            "precision": 0.9698478698332054,
            "recall": 0.9489489489489491,
            "f1": 0.9591356364125301
        },
        "LOW": {
            "accuracy": 0.9865531036262742,
            "precision": 0.8661126723130237,
            "recall": 0.7933333333333337,
            "f1": 0.8272822087307526
        },
        "HIGH": {
            "accuracy": 0.9886341531193552,
            "precision": 0.887693075594333,
            "recall": 0.8427184466019418,
            "f1": 0.8640029987680091
        }
    },
    "HIGH": {
        "MEDIUM": {
            "accuracy": 0.944423440453686,
            "precision": 0.6677805400667242,
            "recall": 0.616470588235294,
            "f1": 0.6405070055680067
        },
        "VERY_LOW": {
            "accuracy": 0.954241233813473,
            "precision": 0.6853000842478377,
            "recall": 0.6759595959595959,
            "f1": 0.6798166020192202
        },
        "LOW": {
            "accuracy": 0.9616632016632016,
            "precision": 0.7520156715161922,
            "recall": 0.7418943533697632,
            "f1": 0.7464519741349029
        },
        "HIGH": {
            "accuracy": 0.9577723802914643,
            "precision": 0.7546093871703914,
            "recall": 0.7498644986449867,
            "f1": 0.7517386385393685
        }
    }
}