{
    "MEDIUM": {
        "MEDIUM": {
            "accuracy": 0.9728824174103647,
            "precision": 0.7826674158907057,
            "recall": 0.7357723577235773,
            "f1": 0.7581246483639557
        },
        "VERY_LOW": {
            "accuracy": 0.983091981764548,
            "precision": 0.8534035393641558,
            "recall": 0.8328395061728394,
            "f1": 0.8424239808715012
        },
        "LOW": {
            "accuracy": 0.9715895061728393,
            "precision": 0.7493816563386431,
            "recall": 0.7438016528925622,
            "f1": 0.7457328088591267
        },
        "HIGH": {
            "accuracy": 0.9781348456206678,
            "precision": 0.8287851599763308,
            "recall": 0.813846153846154,
            "f1": 0.8206202695298189
        }
    },
    "VERY_LOW": {
        "MEDIUM": {
            "accuracy": 0.9975707488104183,
            "precision": 0.9716967868164931,
            "recall": 0.9579710144927537,
            "f1": 0.9645582576600282
        },
        "VERY_LOW": {
            "accuracy": 0.9984520529975076,
            "precision": 0.9789882797356898,
            "recall": 0.9771535580524344,
            "f1": 0.9778770858423961
        },
        "LOW": {
            "accuracy": 0.9978823149046235,
            "precision": 0.9705434051582291,
            "recall": 0.9698630136986305,
            "f1": 0.9700636052920747
        },
        "HIGH": {
            "accuracy": 0.9962149992964685,
            "precision": 0.9523363116738045,
            "recall": 0.9390243902439025,
            "f1": 0.9451478811002354
        }
    },
    "LOW": {
        "MEDIUM": {
            "accuracy": 0.9911425320981632,
            "precision": 0.906609244658507,
            "recall": 0.8718875502008032,
            "f1": 0.8882370429016562
        },
        "VERY_LOW": {
            "accuracy": 0.9961188897076885,
            "precision": 0.9617958695723063,
            "recall": 0.942942942942943,
            "f1": 0.9520052661698213
        },
        "LOW": {
            "accuracy": 0.9861272422248032,
            "precision": 0.8518786785466711,
            "recall": 0.7987301587301592,
            "f1": 0.8239881690541682
        },
        "HIGH": {
            "accuracy": 0.9882312074475477,
            "precision": 0.870561809861599,
            "recall": 0.8543689320388348,
            "f1": 0.8617427708599524
        }
    },
    "HIGH": {
        "MEDIUM": {
            "accuracy": 0.9428954001260238,
            "precision": 0.6533792153106457,
            "recall": 0.6194117647058822,
            "f1": 0.6354037138856313
        },
        "VERY_LOW": {
            "accuracy": 0.9548232213007419,
            "precision": 0.686187855523811,
            "recall": 0.6907070707070707,
            "f1": 0.6877310294027842
        },
        "LOW": {
            "accuracy": 0.9617463617463621,
            "precision": 0.7532871067994342,
            "recall": 0.7408014571949,
            "f1": 0.7466097169627212
        },
        "HIGH": {
            "accuracy": 0.9569974554707379,
            "precision": 0.7494027169175838,
            "recall": 0.7463414634146344,
            "f1": 0.7475441961319024
        }
    }
}