{
    "MEDIUM": {
        "MEDIUM": {
            "accuracy": 0.9715515891654924,
            "precision": 0.9833496198472076,
            "recall": 0.516260162601626,
            "f1": 0.6761818269584554
        },
        "VERY_LOW": {
            "accuracy": 0.9845400911772594,
            "precision": 0.9866988983332523,
            "recall": 0.7251851851851849,
            "f1": 0.8355389887821737
        },
        "LOW": {
            "accuracy": 0.9721759259259258,
            "precision": 0.8722053055033386,
            "recall": 0.5903581267217631,
            "f1": 0.7035523342355814
        },
        "HIGH": {
            "accuracy": 0.9811436672967864,
            "precision": 0.9900612673558439,
            "recall": 0.7002564102564102,
            "f1": 0.8197790812603538
        }
    },
    "VERY_LOW": {
        "MEDIUM": {
            "accuracy": 0.9964938642624593,
            "precision": 1.0,
            "recall": 0.8985507246376812,
            "f1": 0.9461713141809321
        },
        "VERY_LOW": {
            "accuracy": 0.9970352879443788,
            "precision": 1.0,
            "recall": 0.9153558052434457,
            "f1": 0.9555999736156
        },
        "LOW": {
            "accuracy": 0.9971063692208213,
            "precision": 1.0,
            "recall": 0.9182648401826482,
            "f1": 0.9571163632234624
        },
        "HIGH": {
            "accuracy": 0.9957928802588999,
            "precision": 0.9977587912587912,
            "recall": 0.8804878048780488,
            "f1": 0.9350722875409458
        }
    },
    "LOW": {
        "MEDIUM": {
            "accuracy": 0.9876320494067935,
            "precision": 0.9592154876320442,
            "recall": 0.7248995983935742,
            "f1": 0.824576208775321
        },
        "VERY_LOW": {
            "accuracy": 0.9909358879882093,
            "precision": 0.9976869593647587,
            "recall": 0.7801801801801802,
            "f1": 0.8753634568692104
        },
        "LOW": {
            "accuracy": 0.9777519679958707,
            "precision": 0.9429590902129742,
            "recall": 0.4825396825396826,
            "f1": 0.6369613051619202
        },
        "HIGH": {
            "accuracy": 0.9871057385021537,
            "precision": 0.9838950208312681,
            "recall": 0.7116504854368932,
            "f1": 0.8251839951654559
        }
    },
    "HIGH": {
        "MEDIUM": {
            "accuracy": 0.9497637051039699,
            "precision": 0.9022623820032717,
            "recall": 0.4207843137254903,
            "f1": 0.5731586673182447
        },
        "VERY_LOW": {
            "accuracy": 0.9612541830350647,
            "precision": 0.8411791332374668,
            "recall": 0.5703030303030303,
            "f1": 0.6788672960910784
        },
        "LOW": {
            "accuracy": 0.9661399861399861,
            "precision": 0.9038628135547374,
            "recall": 0.6214936247723133,
            "f1": 0.7361018062173518
        },
        "HIGH": {
            "accuracy": 0.9647814018043025,
            "precision": 0.91031016962786,
            "recall": 0.6518970189701896,
            "f1": 0.7594787461922369
        }
    }
}