{
    "MEDIUM": {
        "MEDIUM": {
            "accuracy": 0.9706904650070455,
            "precision": 0.9535893017721642,
            "recall": 0.51869918699187,
            "f1": 0.6705863538637131
        },
        "VERY_LOW": {
            "accuracy": 0.9847278090640923,
            "precision": 0.957718146513613,
            "recall": 0.7525925925925926,
            "f1": 0.8419730899919143
        },
        "LOW": {
            "accuracy": 0.9749228395061728,
            "precision": 0.8838869986536295,
            "recall": 0.6369146005509642,
            "f1": 0.7390160563722831
        },
        "HIGH": {
            "accuracy": 0.9801827347195969,
            "precision": 0.953291328031693,
            "recall": 0.7130769230769228,
            "f1": 0.8148142598953093
        }
    },
    "VERY_LOW": {
        "MEDIUM": {
            "accuracy": 0.9986476333583774,
            "precision": 0.9996078431372549,
            "recall": 0.9612318840579709,
            "f1": 0.9799328014095962
        },
        "VERY_LOW": {
            "accuracy": 0.9984651711924444,
            "precision": 0.9968614718614718,
            "recall": 0.9591760299625468,
            "f1": 0.9774565933421336
        },
        "LOW": {
            "accuracy": 0.9983672809569998,
            "precision": 0.9923041644408422,
            "recall": 0.9611872146118723,
            "f1": 0.9761939109712884
        },
        "HIGH": {
            "accuracy": 0.9970170254678486,
            "precision": 0.9949072798933416,
            "recall": 0.9186991869918699,
            "f1": 0.9545500795516746
        }
    },
    "LOW": {
        "MEDIUM": {
            "accuracy": 0.9940841865756541,
            "precision": 0.9656242214021892,
            "recall": 0.8859437751004016,
            "f1": 0.9234704801697613
        },
        "VERY_LOW": {
            "accuracy": 0.9950257921886514,
            "precision": 1.0,
            "recall": 0.8783783783783786,
            "f1": 0.9349560851988091
        },
        "LOW": {
            "accuracy": 0.9792102206736353,
            "precision": 0.9245229013786543,
            "recall": 0.5326984126984127,
            "f1": 0.6748167548897456
        },
        "HIGH": {
            "accuracy": 0.9898985688481311,
            "precision": 0.9540750147097202,
            "recall": 0.8038834951456312,
            "f1": 0.8717874490568572
        }
    },
    "HIGH": {
        "MEDIUM": {
            "accuracy": 0.9472589792060492,
            "precision": 0.9055239199675646,
            "recall": 0.38470588235294134,
            "f1": 0.5381340193039873
        },
        "VERY_LOW": {
            "accuracy": 0.9670013094718464,
            "precision": 0.8888984082045687,
            "recall": 0.6199999999999999,
            "f1": 0.7297395610448316
        },
        "LOW": {
            "accuracy": 0.9679279279279279,
            "precision": 0.9171807348350826,
            "recall": 0.6367941712204005,
            "f1": 0.7509230642297411
        },
        "HIGH": {
            "accuracy": 0.9636016655100623,
            "precision": 0.8885341127128493,
            "recall": 0.6562330623306234,
            "f1": 0.7542757494180097
        }
    }
}