{
    "HIGH": {
        "HIGH": {
            "accuracy": 0.8902777777777781,
            "precision": 0.39304784507309665,
            "recall": 0.7475,
            "f1": 0.5151928485204799
        },
        "VERY_LOW": {
            "accuracy": 0.9187772925764192,
            "precision": 0.38268925452936,
            "recall": 0.6253012048192771,
            "f1": 0.5747438334487631
        },
        "MEDIUM": {
            "accuracy": 0.90879848628193,
            "precision": 0.3822604116511227,
            "recall": 0.6599999999999999,
            "f1": 0.5840913590663863
        },
        "LOW": {
            "accuracy": 0.8691763727121463,
            "precision": 0.3250440959148674,
            "recall": 0.6472527472527473,
            "f1": 0.4327489438272426
        }
    },
    "VERY_LOW": {
        "HIGH": {
            "accuracy": 0.9910472972972973,
            "precision": 0.8584442700884581,
            "recall": 0.6675000000000001,
            "f1": 0.8504675103762672
        },
        "VERY_LOW": {
            "accuracy": 0.9978740157480315,
            "precision": 0.8785714285714284,
            "recall": 0.8581395348837211,
            "f1": 0.968235294117647
        },
        "MEDIUM": {
            "accuracy": 0.9961654135338346,
            "precision": 0.8801427316644709,
            "recall": 0.8142857142857143,
            "f1": 0.9458885718070056
        },
        "LOW": {
            "accuracy": 0.9942774005819593,
            "precision": 0.9399988710515027,
            "recall": 0.9026315789473683,
            "f1": 0.9208235156569693
        }
    },
    "MEDIUM": {
        "HIGH": {
            "accuracy": 0.9796594134342479,
            "precision": 0.6882076602303119,
            "recall": 0.8230769230769232,
            "f1": 0.8495035138838343
        },
        "VERY_LOW": {
            "accuracy": 0.985024154589372,
            "precision": 0.8283458368065204,
            "recall": 0.6985915492957746,
            "f1": 0.8579156212743998
        },
        "MEDIUM": {
            "accuracy": 0.949248120300752,
            "precision": 0.48534531976184236,
            "recall": 0.4590163934426229,
            "f1": 0.5625595072518312
        },
        "LOW": {
            "accuracy": 0.8850015446400988,
            "precision": 0.2812373447469415,
            "recall": 0.7233333333333333,
            "f1": 0.4049934176501888
        }
    },
    "LOW": {
        "HIGH": {
            "accuracy": 0.9837364470391993,
            "precision": 0.753380482566529,
            "recall": 0.6431372549019608,
            "f1": 0.7938251965706993
        },
        "VERY_LOW": {
            "accuracy": 0.9929941002949851,
            "precision": 0.8555354810820649,
            "recall": 0.7648148148148148,
            "f1": 0.9073562317841946
        },
        "MEDIUM": {
            "accuracy": 0.9901463414634147,
            "precision": 0.8523470839260314,
            "recall": 0.7155555555555555,
            "f1": 0.8779606229797239
        },
        "LOW": {
            "accuracy": 0.9793183578621225,
            "precision": 0.8248053392658511,
            "recall": 0.4462962962962963,
            "f1": 0.6791353649893692
        }
    }
}