{
    "HIGH": {
        "HIGH": {
            "accuracy": 0.8911805555555556,
            "precision": 0.39619561389980296,
            "recall": 0.7575,
            "f1": 0.5202607103629379
        },
        "VERY_LOW": {
            "accuracy": 0.9198253275109171,
            "precision": 0.3866173413134074,
            "recall": 0.6277108433734939,
            "f1": 0.5784909742986778
        },
        "MEDIUM": {
            "accuracy": 0.9078524124881742,
            "precision": 0.37994409129686846,
            "recall": 0.6670588235294118,
            "f1": 0.5841028247491574
        },
        "LOW": {
            "accuracy": 0.8955074875207988,
            "precision": 0.3297336641874295,
            "recall": 0.6582417582417583,
            "f1": 0.5393662536539727
        }
    },
    "VERY_LOW": {
        "HIGH": {
            "accuracy": 0.9920608108108109,
            "precision": 0.8602656033087722,
            "recall": 0.6975,
            "f1": 0.8700558258432078
        },
        "VERY_LOW": {
            "accuracy": 0.9978740157480315,
            "precision": 0.8785714285714284,
            "recall": 0.8581395348837211,
            "f1": 0.968235294117647
        },
        "MEDIUM": {
            "accuracy": 0.9959398496240601,
            "precision": 0.8799912165129558,
            "recall": 0.8081632653061224,
            "f1": 0.942456862815928
        },
        "LOW": {
            "accuracy": 0.9949563530552862,
            "precision": 0.950947978053241,
            "recall": 0.9105263157894736,
            "f1": 0.9301540040400891
        }
    },
    "MEDIUM": {
        "HIGH": {
            "accuracy": 0.979375591296121,
            "precision": 0.6879117702132522,
            "recall": 0.8184615384615386,
            "f1": 0.847268477951572
        },
        "VERY_LOW": {
            "accuracy": 0.9848631239935589,
            "precision": 0.8308932398207677,
            "recall": 0.6929577464788732,
            "f1": 0.8556374296157714
        },
        "MEDIUM": {
            "accuracy": 0.9587406015037594,
            "precision": 0.6142598434174521,
            "recall": 0.4754098360655738,
            "f1": 0.6218910713901333
        },
        "LOW": {
            "accuracy": 0.8853722582638246,
            "precision": 0.28327997581832226,
            "recall": 0.7316666666666666,
            "f1": 0.4084078450831664
        }
    },
    "LOW": {
        "HIGH": {
            "accuracy": 0.9827356130108423,
            "precision": 0.7341332580463016,
            "recall": 0.6392156862745099,
            "f1": 0.7832576619466858
        },
        "VERY_LOW": {
            "accuracy": 0.9930678466076698,
            "precision": 0.862160712337926,
            "recall": 0.7611111111111111,
            "f1": 0.9078699740271624
        },
        "MEDIUM": {
            "accuracy": 0.9900487804878049,
            "precision": 0.8522048364153626,
            "recall": 0.7133333333333333,
            "f1": 0.8765794886864532
        },
        "LOW": {
            "accuracy": 0.9793958171959721,
            "precision": 0.8250574712643678,
            "recall": 0.4481481481481481,
            "f1": 0.6807802639127941
        }
    }
}