{
    "HIGH": {
        "HIGH": {
            "accuracy": 0.907986111111111,
            "precision": 0.3965829689603845,
            "recall": 0.7575000000000001,
            "f1": 0.6205987615371
        },
        "VERY_LOW": {
            "accuracy": 0.9165938864628821,
            "precision": 0.3749785482782829,
            "recall": 0.6240963855421686,
            "f1": 0.5684226567205255
        },
        "MEDIUM": {
            "accuracy": 0.9074739829706718,
            "precision": 0.37838597917467276,
            "recall": 0.6611764705882354,
            "f1": 0.5812995479106942
        },
        "LOW": {
            "accuracy": 0.8935940099833608,
            "precision": 0.32470770586852454,
            "recall": 0.6549450549450551,
            "f1": 0.5341545569033939
        }
    },
    "VERY_LOW": {
        "HIGH": {
            "accuracy": 0.9927364864864867,
            "precision": 0.8618211857771744,
            "recall": 0.7175,
            "f1": 0.8820946011193158
        },
        "VERY_LOW": {
            "accuracy": 0.9978740157480315,
            "precision": 0.8785714285714284,
            "recall": 0.8581395348837211,
            "f1": 0.968235294117647
        },
        "MEDIUM": {
            "accuracy": 0.9957894736842106,
            "precision": 0.8798924022837067,
            "recall": 0.8040816326530613,
            "f1": 0.9401931389902346
        },
        "LOW": {
            "accuracy": 0.9944713870029098,
            "precision": 0.9379599900652533,
            "recall": 0.9105263157894736,
            "f1": 0.9239197698058549
        }
    },
    "MEDIUM": {
        "HIGH": {
            "accuracy": 0.9786187322611163,
            "precision": 0.6851438915148657,
            "recall": 0.8061538461538463,
            "f1": 0.8405625160352146
        },
        "VERY_LOW": {
            "accuracy": 0.9847020933977456,
            "precision": 0.822230562850493,
            "recall": 0.6985915492957747,
            "f1": 0.8553512979587709
        },
        "MEDIUM": {
            "accuracy": 0.9546052631578947,
            "precision": 0.5899234994423146,
            "recall": 0.47704918032786886,
            "f1": 0.60738579513391
        },
        "LOW": {
            "accuracy": 0.8849088662341675,
            "precision": 0.28103447233108864,
            "recall": 0.7233333333333333,
            "f1": 0.4047823483125665
        }
    },
    "LOW": {
        "HIGH": {
            "accuracy": 0.9831526271893244,
            "precision": 0.7435399787270364,
            "recall": 0.6392156862745099,
            "f1": 0.7872195411155233
        },
        "VERY_LOW": {
            "accuracy": 0.9929203539823008,
            "precision": 0.8593587333903185,
            "recall": 0.7592592592592593,
            "f1": 0.9057510527794508
        },
        "MEDIUM": {
            "accuracy": 0.989951219512195,
            "precision": 0.8520625889046942,
            "recall": 0.711111111111111,
            "f1": 0.8751983543931825
        },
        "LOW": {
            "accuracy": 0.9799380325329203,
            "precision": 0.841584564860427,
            "recall": 0.45185185185185184,
            "f1": 0.6879315170088016
        }
    }
}