{
    "MEDIUM": {
        "MEDIUM": {
            "accuracy": 0.9640037593984963,
            "precision": 0.4982224007175713,
            "recall": 0.4944,
            "f1": 0.6949220055138378
        },
        "HIGH": {
            "accuracy": 0.9807092198581561,
            "precision": 0.6306731504696351,
            "recall": 0.6712121212121213,
            "f1": 0.8502847784024254
        },
        "LOW": {
            "accuracy": 0.9497915701713756,
            "precision": 0.37169258562083407,
            "recall": 0.6766666666666666,
            "f1": 0.679796390096236
        },
        "VERY_LOW": {
            "accuracy": 0.9849496981891349,
            "precision": 0.6814448155216285,
            "recall": 0.6405797101449275,
            "f1": 0.8603495521124165
        }
    },
    "HIGH": {
        "MEDIUM": {
            "accuracy": 0.940709219858156,
            "precision": 0.4281248829895904,
            "recall": 0.5087719298245614,
            "f1": 0.6649671118884108
        },
        "HIGH": {
            "accuracy": 0.7422422769871573,
            "precision": 0.4418951657532169,
            "recall": 0.6082304526748972,
            "f1": 0.5118709349662313
        },
        "LOW": {
            "accuracy": 0.9445091514143094,
            "precision": 0.4221782257600286,
            "recall": 0.6,
            "f1": 0.6956053803382277
        },
        "VERY_LOW": {
            "accuracy": 0.943580786026201,
            "precision": 0.41247175107234135,
            "recall": 0.5154761904761904,
            "f1": 0.6582434804654039
        }
    },
    "LOW": {
        "MEDIUM": {
            "accuracy": 0.993658536585366,
            "precision": 0.7571170074651088,
            "recall": 0.689655172413793,
            "f1": 0.9217934776667913
        },
        "HIGH": {
            "accuracy": 0.9914929107589657,
            "precision": 0.7196413187710523,
            "recall": 0.681904761904762,
            "f1": 0.9002247475517147
        },
        "LOW": {
            "accuracy": 0.9839659178931062,
            "precision": 0.6823707070884696,
            "recall": 0.49142857142857144,
            "f1": 0.7710159855030476
        },
        "VERY_LOW": {
            "accuracy": 0.9950608182823443,
            "precision": 0.7598449407131591,
            "recall": 0.7163636363636363,
            "f1": 0.9374002809530602
        }
    },
    "VERY_LOW": {
        "MEDIUM": {
            "accuracy": 0.9963171739947387,
            "precision": 0.7772448428492597,
            "recall": 0.7178947368421053,
            "f1": 0.9463752450922801
        },
        "HIGH": {
            "accuracy": 0.9952702702702702,
            "precision": 0.7797893584868117,
            "recall": 0.6775,
            "f1": 0.9250079470999513
        },
        "LOW": {
            "accuracy": 0.9969932104752667,
            "precision": 0.9971014492753623,
            "recall": 0.918918918918919,
            "f1": 0.9564069733083818
        },
        "VERY_LOW": {
            "accuracy": 0.996771653543307,
            "precision": 0.7388110081833444,
            "recall": 0.7670588235294118,
            "f1": 0.952653381603324
        }
    }
}