{
    "HIGH": {
        "HIGH": {
            "accuracy": 0.8903472222222224,
            "precision": 0.39358411835001744,
            "recall": 0.7524999999999998,
            "f1": 0.5168283414808765
        },
        "VERY_LOW": {
            "accuracy": 0.9189519650655023,
            "precision": 0.38354772898112693,
            "recall": 0.6289156626506023,
            "f1": 0.5764775147978974
        },
        "MEDIUM": {
            "accuracy": 0.9080416272469254,
            "precision": 0.38037561226933103,
            "recall": 0.6647058823529413,
            "f1": 0.5838243920282019
        },
        "LOW": {
            "accuracy": 0.868594009983361,
            "precision": 0.3233224337879713,
            "recall": 0.6450549450549451,
            "f1": 0.43073937624965974
        }
    },
    "VERY_LOW": {
        "HIGH": {
            "accuracy": 0.9925675675675677,
            "precision": 0.8663425047438331,
            "recall": 0.7075000000000001,
            "f1": 0.878623694116652
        },
        "VERY_LOW": {
            "accuracy": 0.9978740157480315,
            "precision": 0.8785714285714284,
            "recall": 0.8581395348837211,
            "f1": 0.968235294117647
        },
        "MEDIUM": {
            "accuracy": 0.996015037593985,
            "precision": 0.8800439174352219,
            "recall": 0.810204081632653,
            "f1": 0.9436248479813123
        },
        "LOW": {
            "accuracy": 0.9950533462657614,
            "precision": 0.9534448734448734,
            "recall": 0.9105263157894736,
            "f1": 0.9313824509440947
        }
    },
    "MEDIUM": {
        "HIGH": {
            "accuracy": 0.9798486281929989,
            "precision": 0.6932729103820188,
            "recall": 0.8169230769230771,
            "f1": 0.8498228346138896
        },
        "VERY_LOW": {
            "accuracy": 0.985024154589372,
            "precision": 0.8255163471334631,
            "recall": 0.7014084507042254,
            "f1": 0.8583953451129023
        },
        "MEDIUM": {
            "accuracy": 0.9519736842105264,
            "precision": 0.5155428498230357,
            "recall": 0.47377049180327874,
            "f1": 0.5846500093006102
        },
        "LOW": {
            "accuracy": 0.8852795798578932,
            "precision": 0.28231310568322454,
            "recall": 0.7266666666666666,
            "f1": 0.40663880303722744
        }
    },
    "LOW": {
        "HIGH": {
            "accuracy": 0.9831526271893244,
            "precision": 0.7419441473852186,
            "recall": 0.6411764705882353,
            "f1": 0.7876971590716111
        },
        "VERY_LOW": {
            "accuracy": 0.9928466076696164,
            "precision": 0.8615052178038132,
            "recall": 0.7555555555555555,
            "f1": 0.9045237717606319
        },
        "MEDIUM": {
            "accuracy": 0.9901463414634147,
            "precision": 0.8523470839260312,
            "recall": 0.7155555555555555,
            "f1": 0.8779606229797239
        },
        "LOW": {
            "accuracy": 0.9796281951975214,
            "precision": 0.8384391534391537,
            "recall": 0.4462962962962963,
            "f1": 0.6823159977631523
        }
    }
}