{
    "MEDIUM": {
        "MEDIUM": {
            "accuracy": 0.9709586466165412,
            "precision": 0.5652671833489071,
            "recall": 0.5376000000000001,
            "f1": 0.749638298989624
        },
        "LOW": {
            "accuracy": 0.9488652153774895,
            "precision": 0.36768429014446713,
            "recall": 0.6799999999999999,
            "f1": 0.6772566099799397
        },
        "VERY_LOW": {
            "accuracy": 0.9878470824949698,
            "precision": 0.7152038390550018,
            "recall": 0.6594202898550725,
            "f1": 0.8861464001315328
        },
        "HIGH": {
            "accuracy": 0.9820330969267139,
            "precision": 0.6631303410437936,
            "recall": 0.6454545454545455,
            "f1": 0.8540599059662325
        }
    },
    "LOW": {
        "MEDIUM": {
            "accuracy": 0.9938536585365852,
            "precision": 0.7619279454722493,
            "recall": 0.689655172413793,
            "f1": 0.923986856516977
        },
        "LOW": {
            "accuracy": 0.9854376452362509,
            "precision": 0.6918589743589744,
            "recall": 0.5238095238095238,
            "f1": 0.7962014473489883
        },
        "VERY_LOW": {
            "accuracy": 0.9949870991522302,
            "precision": 0.7509549258711663,
            "recall": 0.7236363636363636,
            "f1": 0.9370178158691875
        },
        "HIGH": {
            "accuracy": 0.9895746455379483,
            "precision": 0.6975936549965677,
            "recall": 0.6590476190476191,
            "f1": 0.8776676571891674
        }
    },
    "VERY_LOW": {
        "MEDIUM": {
            "accuracy": 0.9957910559939872,
            "precision": 0.7640931789808194,
            "recall": 0.7157894736842105,
            "f1": 0.939141350901864
        },
        "LOW": {
            "accuracy": 0.9973811833171679,
            "precision": 0.9674885433378584,
            "recall": 0.9594594594594594,
            "f1": 0.9634110245058641
        },
        "VERY_LOW": {
            "accuracy": 0.9967716535433071,
            "precision": 0.736899897854954,
            "recall": 0.7694117647058822,
            "f1": 0.95280047837353
        },
        "HIGH": {
            "accuracy": 0.9953547297297296,
            "precision": 0.7617488584474886,
            "recall": 0.6975,
            "f1": 0.9281697127068146
        }
    },
    "HIGH": {
        "MEDIUM": {
            "accuracy": 0.9394799054373522,
            "precision": 0.41965780848672446,
            "recall": 0.5555555555555556,
            "f1": 0.6780626402782597
        },
        "LOW": {
            "accuracy": 0.8945923460898502,
            "precision": 0.4213704652515376,
            "recall": 0.6320441988950276,
            "f1": 0.5056355448389674
        },
        "VERY_LOW": {
            "accuracy": 0.9415720524017466,
            "precision": 0.4012837087949531,
            "recall": 0.5535714285714285,
            "f1": 0.6652789827264478
        },
        "HIGH": {
            "accuracy": 0.9439777854911491,
            "precision": 0.448673197375627,
            "recall": 0.6263374485596709,
            "f1": 0.7227970809128956
        }
    }
}