{
    "HIGH": {
        "HIGH": {
            "accuracy": 0.9067361111111112,
            "precision": 0.39249125452947975,
            "recall": 0.7474999999999998,
            "f1": 0.6147078605619511
        },
        "VERY_LOW": {
            "accuracy": 0.9183406113537117,
            "precision": 0.38110228010974667,
            "recall": 0.6253012048192771,
            "f1": 0.573533396596847
        },
        "MEDIUM": {
            "accuracy": 0.9095553453169348,
            "precision": 0.38584476626002345,
            "recall": 0.6752941176470588,
            "f1": 0.5910463316402883
        },
        "LOW": {
            "accuracy": 0.8692595673876872,
            "precision": 0.32583743875563453,
            "recall": 0.6516483516483518,
            "f1": 0.4344311814203351
        }
    },
    "VERY_LOW": {
        "HIGH": {
            "accuracy": 0.9916385135135135,
            "precision": 0.8509473769957641,
            "recall": 0.6925,
            "f1": 0.8631533880040637
        },
        "VERY_LOW": {
            "accuracy": 0.9978740157480315,
            "precision": 0.8785714285714284,
            "recall": 0.8581395348837211,
            "f1": 0.968235294117647
        },
        "MEDIUM": {
            "accuracy": 0.9960902255639097,
            "precision": 0.8800922266139658,
            "recall": 0.8122448979591835,
            "f1": 0.9447446688099796
        },
        "LOW": {
            "accuracy": 0.994956353055286,
            "precision": 0.9558429858429858,
            "recall": 0.9052631578947368,
            "f1": 0.9297583611008269
        }
    },
    "MEDIUM": {
        "HIGH": {
            "accuracy": 0.9802270577105012,
            "precision": 0.7012876137742756,
            "recall": 0.8076923076923078,
            "f1": 0.8506614781385677
        },
        "VERY_LOW": {
            "accuracy": 0.9848631239935589,
            "precision": 0.8309758836014642,
            "recall": 0.6929577464788732,
            "f1": 0.8556590541315596
        },
        "MEDIUM": {
            "accuracy": 0.944266917293233,
            "precision": 0.4589642233417964,
            "recall": 0.46557377049180326,
            "f1": 0.5496497187144082
        },
        "LOW": {
            "accuracy": 0.8841674389867162,
            "precision": 0.279939091609836,
            "recall": 0.7266666666666666,
            "f1": 0.4041573079171264
        }
    },
    "LOW": {
        "HIGH": {
            "accuracy": 0.9827356130108422,
            "precision": 0.7312411499631558,
            "recall": 0.6431372549019608,
            "f1": 0.7842442341282341
        },
        "VERY_LOW": {
            "accuracy": 0.9931415929203539,
            "precision": 0.8730244057845153,
            "recall": 0.7518518518518518,
            "f1": 0.9075723998374858
        },
        "MEDIUM": {
            "accuracy": 0.9901463414634147,
            "precision": 0.8523470839260312,
            "recall": 0.7155555555555555,
            "f1": 0.8779606229797239
        },
        "LOW": {
            "accuracy": 0.979705654531371,
            "precision": 0.8356450435816398,
            "recall": 0.45,
            "f1": 0.6847249778112396
        }
    }
}