{
    "HIGH": {
        "HIGH": {
            "accuracy": 0.907986111111111,
            "precision": 0.39639106619660935,
            "recall": 0.7541666666666667,
            "f1": 0.619638300773896
        },
        "VERY_LOW": {
            "accuracy": 0.9178165938864629,
            "precision": 0.3790390598215378,
            "recall": 0.6240963855421686,
            "f1": 0.5716219491356676
        },
        "MEDIUM": {
            "accuracy": 0.9077578051087987,
            "precision": 0.3794994329890683,
            "recall": 0.6647058823529413,
            "f1": 0.5831403144202044
        },
        "LOW": {
            "accuracy": 0.8937603993344425,
            "precision": 0.32386584623700826,
            "recall": 0.6461538461538463,
            "f1": 0.5314666098719126
        }
    },
    "VERY_LOW": {
        "HIGH": {
            "accuracy": 0.9913006756756758,
            "precision": 0.8586004922496858,
            "recall": 0.675,
            "f1": 0.8553723838239392
        },
        "VERY_LOW": {
            "accuracy": 0.9978740157480315,
            "precision": 0.8785714285714284,
            "recall": 0.8581395348837211,
            "f1": 0.968235294117647
        },
        "MEDIUM": {
            "accuracy": 0.9957894736842106,
            "precision": 0.8798945981554678,
            "recall": 0.8040816326530612,
            "f1": 0.9402172211585931
        },
        "LOW": {
            "accuracy": 0.9948593598448108,
            "precision": 0.9529987129987131,
            "recall": 0.905263157894737,
            "f1": 0.9284660002468221
        }
    },
    "MEDIUM": {
        "HIGH": {
            "accuracy": 0.9807000946073792,
            "precision": 0.7005525889363604,
            "recall": 0.8200000000000001,
            "f1": 0.8554878407254349
        },
        "VERY_LOW": {
            "accuracy": 0.9843800322061191,
            "precision": 0.8231908507219607,
            "recall": 0.6915492957746479,
            "f1": 0.851554532698794
        },
        "MEDIUM": {
            "accuracy": 0.9471804511278197,
            "precision": 0.4760026806691478,
            "recall": 0.4672131147540983,
            "f1": 0.5607508585291829
        },
        "LOW": {
            "accuracy": 0.8851869014519618,
            "precision": 0.2816445125405333,
            "recall": 0.7233333333333333,
            "f1": 0.4054180462881363
        }
    },
    "LOW": {
        "HIGH": {
            "accuracy": 0.9834028356964136,
            "precision": 0.7463073534711552,
            "recall": 0.6431372549019608,
            "f1": 0.7906360030837589
        },
        "VERY_LOW": {
            "accuracy": 0.9931415929203539,
            "precision": 0.8615639566863535,
            "recall": 0.7629629629629628,
            "f1": 0.9088246909281791
        },
        "MEDIUM": {
            "accuracy": 0.9901463414634147,
            "precision": 0.8523470839260312,
            "recall": 0.7155555555555555,
            "f1": 0.8779606229797239
        },
        "LOW": {
            "accuracy": 0.9796281951975214,
            "precision": 0.8321452407436833,
            "recall": 0.45,
            "f1": 0.6839924238869806
        }
    }
}