{
    "HIGH": {
        "HIGH": {
            "accuracy": 0.9069444444444444,
            "precision": 0.3934552166962592,
            "recall": 0.7533333333333334,
            "f1": 0.6169175727702025
        },
        "VERY_LOW": {
            "accuracy": 0.917292576419214,
            "precision": 0.3769187555597021,
            "recall": 0.6204819277108433,
            "f1": 0.5689030287805711
        },
        "MEDIUM": {
            "accuracy": 0.9084200567644277,
            "precision": 0.3817190324775437,
            "recall": 0.6658823529411765,
            "f1": 0.5851781504042163
        },
        "LOW": {
            "accuracy": 0.894675540765391,
            "precision": 0.3268604277478514,
            "recall": 0.6516483516483517,
            "f1": 0.53534324814726
        }
    },
    "VERY_LOW": {
        "HIGH": {
            "accuracy": 0.992483108108108,
            "precision": 0.8549778775146424,
            "recall": 0.7150000000000001,
            "f1": 0.8783164671520837
        },
        "VERY_LOW": {
            "accuracy": 0.9978740157480315,
            "precision": 0.8785714285714284,
            "recall": 0.8581395348837211,
            "f1": 0.968235294117647
        },
        "MEDIUM": {
            "accuracy": 0.9957894736842106,
            "precision": 0.8798924022837067,
            "recall": 0.8040816326530612,
            "f1": 0.9401931389902348
        },
        "LOW": {
            "accuracy": 0.9945683802133851,
            "precision": 0.9379642800695432,
            "recall": 0.9131578947368422,
            "f1": 0.9253276434329065
        }
    },
    "MEDIUM": {
        "HIGH": {
            "accuracy": 0.9796594134342478,
            "precision": 0.6910359763693098,
            "recall": 0.8169230769230771,
            "f1": 0.8486059647471956
        },
        "VERY_LOW": {
            "accuracy": 0.9846215780998391,
            "precision": 0.8250837450590256,
            "recall": 0.6943661971830986,
            "f1": 0.8539793406826692
        },
        "MEDIUM": {
            "accuracy": 0.9542293233082706,
            "precision": 0.5597079867809629,
            "recall": 0.4491803278688525,
            "f1": 0.5846303029228187
        },
        "LOW": {
            "accuracy": 0.8847235094223047,
            "precision": 0.2813648385576461,
            "recall": 0.7283333333333333,
            "f1": 0.40590532121328043
        }
    },
    "LOW": {
        "HIGH": {
            "accuracy": 0.9829024186822352,
            "precision": 0.73626218125207,
            "recall": 0.6411764705882353,
            "f1": 0.7852981072967357
        },
        "VERY_LOW": {
            "accuracy": 0.9926991150442479,
            "precision": 0.8538329161451814,
            "recall": 0.7592592592592593,
            "f1": 0.903345732892617
        },
        "MEDIUM": {
            "accuracy": 0.9902439024390244,
            "precision": 0.8524893314366999,
            "recall": 0.7177777777777777,
            "f1": 0.8793417572729945
        },
        "LOW": {
            "accuracy": 0.9793958171959721,
            "precision": 0.8315203547739699,
            "recall": 0.4444444444444445,
            "f1": 0.6790450825795649
        }
    }
}