{
    "HIGH": {
        "HIGH": {
            "accuracy": 0.9362500000000002,
            "precision": 0.72,
            "recall": 0.18,
            "f1": 0.38800000000000007
        },
        "VERY_LOW": {
            "accuracy": 0.9394759825327513,
            "precision": 0.7875,
            "recall": 0.07590361445783131,
            "f1": 0.23846153846153845
        },
        "MEDIUM": {
            "accuracy": 0.933585619678335,
            "precision": 0.6923076923076923,
            "recall": 0.10588235294117647,
            "f1": 0.28367346938775506
        },
        "LOW": {
            "accuracy": 0.9356073211314475,
            "precision": 0.9,
            "recall": 0.04945054945054946,
            "f1": 0.19374999999999998
        }
    },
    "VERY_LOW": {
        "HIGH": {
            "accuracy": 0.9923986486486488,
            "precision": 0.871875,
            "recall": 0.6975000000000001,
            "f1": 0.8750000000000003
        },
        "VERY_LOW": {
            "accuracy": 0.9922047244094487,
            "precision": 0.9,
            "recall": 0.6697674418604651,
            "f1": 0.868
        },
        "MEDIUM": {
            "accuracy": 0.9844360902255639,
            "precision": 0.8400000000000001,
            "recall": 0.5142857142857141,
            "f1": 0.737974683544304
        },
        "LOW": {
            "accuracy": 1.0,
            "precision": 1.0,
            "recall": 1.0,
            "f1": 1.0
        }
    },
    "MEDIUM": {
        "HIGH": {
            "accuracy": 0.9472090823084202,
            "precision": 0.5538461538461539,
            "recall": 0.11076923076923077,
            "f1": 0.2846153846153846
        },
        "VERY_LOW": {
            "accuracy": 0.9543478260869567,
            "precision": 0.7499999999999999,
            "recall": 0.1267605633802817,
            "f1": 0.3168674698795181
        },
        "MEDIUM": {
            "accuracy": 0.9484022556390979,
            "precision": 0.0,
            "recall": 0.0,
            "f1": 0.1
        },
        "LOW": {
            "accuracy": 0.9541241890639484,
            "precision": 0.6545454545454547,
            "recall": 0.12,
            "f1": 0.3028169014084507
        }
    },
    "LOW": {
        "HIGH": {
            "accuracy": 0.9767306088407006,
            "precision": 0.825,
            "recall": 0.3882352941176472,
            "f1": 0.6279999999999999
        },
        "VERY_LOW": {
            "accuracy": 0.9641592920353983,
            "precision": 0.0,
            "recall": 0.0,
            "f1": 0.1
        },
        "MEDIUM": {
            "accuracy": 0.9613658536585366,
            "precision": 0.5399999999999999,
            "recall": 0.06,
            "f1": 0.20800000000000002
        },
        "LOW": {
            "accuracy": 0.9693261037955073,
            "precision": 0.9,
            "recall": 0.16666666666666663,
            "f1": 0.38125
        }
    }
}