{
    "HIGH": {
        "HIGH": {
            "accuracy": 0.931875,
            "precision": 0.6857142857142857,
            "recall": 0.12,
            "f1": 0.3042553191489361
        },
        "VERY_LOW": {
            "accuracy": 0.9394759825327513,
            "precision": 0.9,
            "recall": 0.06506024096385542,
            "f1": 0.22134831460674156
        },
        "MEDIUM": {
            "accuracy": 0.933585619678335,
            "precision": 0.7363636363636364,
            "recall": 0.09529411764705881,
            "f1": 0.26875
        },
        "LOW": {
            "accuracy": 0.9341098169717137,
            "precision": 0.9,
            "recall": 0.02967032967032967,
            "f1": 0.15744680851063828
        }
    },
    "VERY_LOW": {
        "HIGH": {
            "accuracy": 0.9908783783783784,
            "precision": 0.8699999999999999,
            "recall": 0.6524999999999999,
            "f1": 0.8457142857142855
        },
        "VERY_LOW": {
            "accuracy": 0.9929133858267717,
            "precision": 0.9,
            "recall": 0.6906976744186046,
            "f1": 0.8815789473684209
        },
        "MEDIUM": {
            "accuracy": 0.9851127819548872,
            "precision": 0.8419354838709676,
            "recall": 0.5326530612244899,
            "f1": 0.7524999999999997
        },
        "LOW": {
            "accuracy": 0.9990300678952473,
            "precision": 1.0,
            "recall": 0.9736842105263157,
            "f1": 0.9866666666666666
        }
    },
    "MEDIUM": {
        "HIGH": {
            "accuracy": 0.9446546830652791,
            "precision": 0.45,
            "recall": 0.06923076923076923,
            "f1": 0.22000000000000003
        },
        "VERY_LOW": {
            "accuracy": 0.9536231884057971,
            "precision": 0.7363636363636364,
            "recall": 0.11408450704225355,
            "f1": 0.2975609756097561
        },
        "MEDIUM": {
            "accuracy": 0.9500939849624063,
            "precision": 0.9,
            "recall": 0.029508196721311476,
            "f1": 0.15714285714285714
        },
        "LOW": {
            "accuracy": 0.9532900834105652,
            "precision": 0.675,
            "recall": 0.09,
            "f1": 0.2588235294117648
        }
    },
    "LOW": {
        "HIGH": {
            "accuracy": 0.9767306088407006,
            "precision": 0.825,
            "recall": 0.3882352941176472,
            "f1": 0.6279999999999999
        },
        "VERY_LOW": {
            "accuracy": 0.9867256637168141,
            "precision": 0.9,
            "recall": 0.5666666666666667,
            "f1": 0.7954545454545453
        },
        "MEDIUM": {
            "accuracy": 0.9604878048780489,
            "precision": 0.45,
            "recall": 0.04,
            "f1": 0.17346938775510204
        },
        "LOW": {
            "accuracy": 0.9686289697908597,
            "precision": 0.9,
            "recall": 0.15,
            "f1": 0.3571428571428571
        }
    }
}