{
    "HIGH": {
        "HIGH": {
            "accuracy": 0.9324999999999999,
            "precision": 0.72,
            "recall": 0.12,
            "f1": 0.3057142857142857
        },
        "VERY_LOW": {
            "accuracy": 0.9386899563318778,
            "precision": 0.9,
            "recall": 0.054216867469879505,
            "f1": 0.20227272727272724
        },
        "MEDIUM": {
            "accuracy": 0.9327341532639547,
            "precision": 0.7875,
            "recall": 0.07411764705882354,
            "f1": 0.2354838709677419
        },
        "LOW": {
            "accuracy": 0.93261231281198,
            "precision": 0.9,
            "recall": 0.009890109890109891,
            "f1": 0.11956521739130435
        }
    },
    "VERY_LOW": {
        "HIGH": {
            "accuracy": 0.9908783783783784,
            "precision": 0.8699999999999999,
            "recall": 0.6524999999999999,
            "f1": 0.8457142857142855
        },
        "VERY_LOW": {
            "accuracy": 0.9929133858267717,
            "precision": 0.9,
            "recall": 0.6906976744186046,
            "f1": 0.8815789473684209
        },
        "MEDIUM": {
            "accuracy": 0.9851127819548872,
            "precision": 0.8419354838709676,
            "recall": 0.5326530612244899,
            "f1": 0.7524999999999997
        },
        "LOW": {
            "accuracy": 0.9990300678952473,
            "precision": 1.0,
            "recall": 0.9736842105263157,
            "f1": 0.9866666666666666
        }
    },
    "MEDIUM": {
        "HIGH": {
            "accuracy": 0.9455061494796594,
            "precision": 0.4999999999999999,
            "recall": 0.06923076923076923,
            "f1": 0.22162162162162158
        },
        "VERY_LOW": {
            "accuracy": 0.9536231884057971,
            "precision": 0.7363636363636364,
            "recall": 0.11408450704225355,
            "f1": 0.2975609756097561
        },
        "MEDIUM": {
            "accuracy": 0.9500939849624063,
            "precision": 0.9,
            "recall": 0.029508196721311476,
            "f1": 0.15714285714285714
        },
        "LOW": {
            "accuracy": 0.9524559777571826,
            "precision": 0.6428571428571429,
            "recall": 0.075,
            "f1": 0.2343283582089552
        }
    },
    "LOW": {
        "HIGH": {
            "accuracy": 0.9767306088407006,
            "precision": 0.825,
            "recall": 0.3882352941176472,
            "f1": 0.6279999999999999
        },
        "VERY_LOW": {
            "accuracy": 0.9840707964601767,
            "precision": 0.9,
            "recall": 0.4999999999999999,
            "f1": 0.7428571428571429
        },
        "MEDIUM": {
            "accuracy": 0.9604878048780489,
            "precision": 0.45,
            "recall": 0.04,
            "f1": 0.17346938775510204
        },
        "LOW": {
            "accuracy": 0.9686289697908597,
            "precision": 0.9,
            "recall": 0.15,
            "f1": 0.3571428571428571
        }
    }
}