{
    "HIGH": {
        "HIGH": {
            "accuracy": 0.9356250000000002,
            "precision": 0.7333333333333333,
            "recall": 0.16499999999999998,
            "f1": 0.36938775510204075
        },
        "VERY_LOW": {
            "accuracy": 0.9394759825327513,
            "precision": 0.7875,
            "recall": 0.07590361445783131,
            "f1": 0.23846153846153845
        },
        "MEDIUM": {
            "accuracy": 0.9352885525070956,
            "precision": 0.72,
            "recall": 0.12705882352941172,
            "f1": 0.316
        },
        "LOW": {
            "accuracy": 0.9341098169717137,
            "precision": 0.9,
            "recall": 0.02967032967032967,
            "f1": 0.15744680851063828
        }
    },
    "VERY_LOW": {
        "HIGH": {
            "accuracy": 0.9923986486486488,
            "precision": 0.871875,
            "recall": 0.6975000000000001,
            "f1": 0.8750000000000003
        },
        "VERY_LOW": {
            "accuracy": 0.9922047244094487,
            "precision": 0.9,
            "recall": 0.6697674418604651,
            "f1": 0.868
        },
        "MEDIUM": {
            "accuracy": 0.9851127819548872,
            "precision": 0.8419354838709676,
            "recall": 0.5326530612244899,
            "f1": 0.7524999999999997
        },
        "LOW": {
            "accuracy": 1.0,
            "precision": 1.0,
            "recall": 1.0,
            "f1": 1.0
        }
    },
    "MEDIUM": {
        "HIGH": {
            "accuracy": 0.9472090823084202,
            "precision": 0.5538461538461539,
            "recall": 0.11076923076923077,
            "f1": 0.2846153846153846
        },
        "VERY_LOW": {
            "accuracy": 0.9557971014492754,
            "precision": 0.825,
            "recall": 0.13943661971830984,
            "f1": 0.3385542168674699
        },
        "MEDIUM": {
            "accuracy": 0.9484022556390979,
            "precision": 0.0,
            "recall": 0.0,
            "f1": 0.1
        },
        "LOW": {
            "accuracy": 0.9541241890639484,
            "precision": 0.6545454545454547,
            "recall": 0.12,
            "f1": 0.3028169014084507
        }
    },
    "LOW": {
        "HIGH": {
            "accuracy": 0.9759799833194329,
            "precision": 0.8571428571428571,
            "recall": 0.3529411764705882,
            "f1": 0.5999999999999999
        },
        "VERY_LOW": {
            "accuracy": 0.9641592920353983,
            "precision": 0.0,
            "recall": 0.0,
            "f1": 0.1
        },
        "MEDIUM": {
            "accuracy": 0.9613658536585366,
            "precision": 0.6,
            "recall": 0.04,
            "f1": 0.17500000000000002
        },
        "LOW": {
            "accuracy": 0.9700232378001548,
            "precision": 0.9,
            "recall": 0.18333333333333332,
            "f1": 0.4046153846153846
        }
    }
}