{
    "MEDIUM": {
        "MEDIUM": {
            "accuracy": 0.9725563909774436,
            "precision": 0.6971428571428572,
            "recall": 0.39039999999999997,
            "f1": 0.7005128205128205
        },
        "LOW": {
            "accuracy": 0.9647985178323297,
            "precision": 0.4671140939597316,
            "recall": 0.58,
            "f1": 0.7174721189591078
        },
        "VERY_LOW": {
            "accuracy": 0.987122736418511,
            "precision": 0.7769230769230769,
            "recall": 0.5855072463768116,
            "f1": 0.8677685950413224
        },
        "HIGH": {
            "accuracy": 0.984869976359338,
            "precision": 0.7538461538461538,
            "recall": 0.593939393939394,
            "f1": 0.864406779661017
        }
    },
    "LOW": {
        "MEDIUM": {
            "accuracy": 0.9921951219512195,
            "precision": 0.7884057971014493,
            "recall": 0.6252873563218391,
            "f1": 0.8974358974358975
        },
        "LOW": {
            "accuracy": 0.9783113865220759,
            "precision": 0.7255813953488371,
            "recall": 0.29714285714285715,
            "f1": 0.6216216216216217
        },
        "VERY_LOW": {
            "accuracy": 0.9949870991522299,
            "precision": 0.8,
            "recall": 0.6763636363636364,
            "f1": 0.9330049261083744
        },
        "HIGH": {
            "accuracy": 0.9936613844870725,
            "precision": 0.7739130434782608,
            "recall": 0.6780952380952381,
            "f1": 0.9228426395939084
        }
    },
    "VERY_LOW": {
        "MEDIUM": {
            "accuracy": 0.9951897782788425,
            "precision": 0.8,
            "recall": 0.6652631578947369,
            "f1": 0.9264367816091955
        },
        "LOW": {
            "accuracy": 0.9970902036857419,
            "precision": 1.0,
            "recall": 0.918918918918919,
            "f1": 0.9577464788732396
        },
        "VERY_LOW": {
            "accuracy": 0.9974803149606298,
            "precision": 0.8,
            "recall": 0.7247058823529412,
            "f1": 0.9604938271604938
        },
        "HIGH": {
            "accuracy": 0.9945945945945945,
            "precision": 0.7764705882352941,
            "recall": 0.6599999999999999,
            "f1": 0.9135135135135135
        }
    },
    "HIGH": {
        "MEDIUM": {
            "accuracy": 0.9519621749408984,
            "precision": 0.6095238095238095,
            "recall": 0.2994152046783626,
            "f1": 0.6015686274509804
        },
        "LOW": {
            "accuracy": 0.9070715474209651,
            "precision": 0.5130434782608695,
            "recall": 0.5215469613259669,
            "f1": 0.5172602739726028
        },
        "VERY_LOW": {
            "accuracy": 0.765414847161572,
            "precision": 0.5827814569536424,
            "recall": 0.5238095238095238,
            "f1": 0.5517241379310345
        },
        "HIGH": {
            "accuracy": 0.9536272127733426,
            "precision": 0.5178294573643412,
            "recall": 0.5497942386831276,
            "f1": 0.7333333333333334
        }
    }
}