{
    "VERY_LOW": {
        "VERY_LOW": {
            "accuracy": 0.878976377952756,
            "precision": 0.9,
            "recall": 0.2790697674418604,
            "f1": 0.4200337920408055
        },
        "MEDIUM": {
            "accuracy": 0.8596240601503761,
            "precision": 0.8172839506172839,
            "recall": 0.21428571428571427,
            "f1": 0.2443258782581909
        },
        "HIGH": {
            "accuracy": 0.8810810810810811,
            "precision": 0.9,
            "recall": 0.33999999999999997,
            "f1": 0.490175401716647
        },
        "LOW": {
            "accuracy": 0.8828322017458777,
            "precision": 0.9,
            "recall": 0.4342105263157895,
            "f1": 0.5820135489946812
        }
    },
    "MEDIUM": {
        "VERY_LOW": {
            "accuracy": 0.850402576489533,
            "precision": 0.46206896551724136,
            "recall": 0.04788732394366197,
            "f1": 0.07859933617828355
        },
        "MEDIUM": {
            "accuracy": 0.6607142857142858,
            "precision": 0.024384008570315543,
            "recall": 0.260655737704918,
            "f1": 0.04326149192459353
        },
        "HIGH": {
            "accuracy": 0.8441816461684011,
            "precision": 0.3296296296296296,
            "recall": 0.02153846153846154,
            "f1": 0.03504611330698287
        },
        "LOW": {
            "accuracy": 0.8502316960148285,
            "precision": 0.08,
            "recall": 0.006666666666666666,
            "f1": 0.012307692307692308
        }
    },
    "HIGH": {
        "VERY_LOW": {
            "accuracy": 0.8283842794759826,
            "precision": 0.19044289044289045,
            "recall": 0.04457831325301205,
            "f1": 0.0371206107468713
        },
        "MEDIUM": {
            "accuracy": 0.7552507095553452,
            "precision": 0.35648772199325046,
            "recall": 0.15529411764705883,
            "f1": 0.11217773876323664
        },
        "HIGH": {
            "accuracy": 0.8094444444444445,
            "precision": 0.21826725351272694,
            "recall": 0.09000000000000001,
            "f1": 0.09079452532245008
        },
        "LOW": {
            "accuracy": 0.776871880199667,
            "precision": 0.21559787432084337,
            "recall": 0.1285714285714286,
            "f1": 0.07608761633655621
        }
    },
    "LOW": {
        "VERY_LOW": {
            "accuracy": 0.8698377581120944,
            "precision": 0.9,
            "recall": 0.14259259259259258,
            "f1": 0.22413252990806765
        },
        "MEDIUM": {
            "accuracy": 0.807219512195122,
            "precision": 0.024140744518103007,
            "recall": 0.14666666666666667,
            "f1": 0.03947916197341744
        },
        "HIGH": {
            "accuracy": 0.7843202668890743,
            "precision": 0.50475302889096,
            "recall": 0.1843137254901961,
            "f1": 0.1505142514321555
        },
        "LOW": {
            "accuracy": 0.7712625871417506,
            "precision": 0.40418280402788537,
            "recall": 0.11296296296296296,
            "f1": 0.03309467484188674
        }
    }
}