{
    "VERY_LOW": {
        "VERY_LOW": {
            "accuracy": 0.8695275590551181,
            "precision": 0.0,
            "recall": 0.0,
            "f1": 0.0
        },
        "MEDIUM": {
            "accuracy": 0.7844360902255638,
            "precision": 0.004103852596314908,
            "recall": 0.1,
            "f1": 0.007884151246983105
        },
        "HIGH": {
            "accuracy": 0.7763513513513512,
            "precision": 0.0033783783783783786,
            "recall": 0.1,
            "f1": 0.006535947712418301
        },
        "LOW": {
            "accuracy": 0.8668283220174591,
            "precision": 0.0,
            "recall": 0.0,
            "f1": 0.0
        }
    },
    "MEDIUM": {
        "VERY_LOW": {
            "accuracy": 0.8485507246376812,
            "precision": 0.0,
            "recall": 0.0,
            "f1": 0.0
        },
        "MEDIUM": {
            "accuracy": 0.8484022556390979,
            "precision": 0.0,
            "recall": 0.0,
            "f1": 0.0
        },
        "HIGH": {
            "accuracy": 0.7677388836329234,
            "precision": 0.006801275239107332,
            "recall": 0.09846153846153846,
            "f1": 0.01272365805168986
        },
        "LOW": {
            "accuracy": 0.8499536607970344,
            "precision": 0.0,
            "recall": 0.0,
            "f1": 0.0
        }
    },
    "HIGH": {
        "VERY_LOW": {
            "accuracy": 0.8347598253275109,
            "precision": 0.0,
            "recall": 0.0,
            "f1": 0.0
        },
        "MEDIUM": {
            "accuracy": 0.7392620624408703,
            "precision": 0.20690626132656761,
            "recall": 0.1423529411764706,
            "f1": 0.05172271209097451
        },
        "HIGH": {
            "accuracy": 0.7897916666666668,
            "precision": 0.013525179856115108,
            "recall": 0.07833333333333334,
            "f1": 0.023067484662576687
        },
        "LOW": {
            "accuracy": 0.7597337770382694,
            "precision": 0.031097197376267142,
            "recall": 0.14835164835164835,
            "f1": 0.048286023835319616
        }
    },
    "LOW": {
        "VERY_LOW": {
            "accuracy": 0.7721238938053097,
            "precision": 0.003982300884955752,
            "recall": 0.1,
            "f1": 0.007659574468085106
        },
        "MEDIUM": {
            "accuracy": 0.8604878048780489,
            "precision": 0.0,
            "recall": 0.0,
            "f1": 0.0
        },
        "HIGH": {
            "accuracy": 0.8617180984153459,
            "precision": 0.0,
            "recall": 0.0,
            "f1": 0.0
        },
        "LOW": {
            "accuracy": 0.8092951200619675,
            "precision": 0.0068095838587641875,
            "recall": 0.1,
            "f1": 0.012750885478158207
        }
    }
}