{
    "VERY_LOW": {
        "VERY_LOW": {
            "accuracy": 0.8877165354330708,
            "precision": 0.9,
            "recall": 0.5372093023255815,
            "f1": 0.6688069621913255
        },
        "MEDIUM": {
            "accuracy": 0.8821052631578947,
            "precision": 0.8542974960254373,
            "recall": 0.44693877551020406,
            "f1": 0.5798251156183302
        },
        "HIGH": {
            "accuracy": 0.8893581081081081,
            "precision": 0.8697435897435899,
            "recall": 0.6225,
            "f1": 0.7169809900244684
        },
        "LOW": {
            "accuracy": 0.89447138700291,
            "precision": 0.9,
            "recall": 0.75,
            "f1": 0.8126941795795279
        }
    },
    "MEDIUM": {
        "VERY_LOW": {
            "accuracy": 0.8486312399355878,
            "precision": 0.1,
            "recall": 0.0014084507042253522,
            "f1": 0.002777777777777778
        },
        "MEDIUM": {
            "accuracy": 0.7611842105263159,
            "precision": 0.0058095238095238096,
            "recall": 0.1,
            "f1": 0.01098109810981098
        },
        "HIGH": {
            "accuracy": 0.8447492904446546,
            "precision": 0.1,
            "recall": 0.0015384615384615385,
            "f1": 0.0030303030303030307
        },
        "LOW": {
            "accuracy": 0.7271547729379054,
            "precision": 0.014564381000323612,
            "recall": 0.17833333333333332,
            "f1": 0.026812438665358197
        }
    },
    "HIGH": {
        "VERY_LOW": {
            "accuracy": 0.8351091703056769,
            "precision": 0.3,
            "recall": 0.004819277108433735,
            "f1": 0.009467787114845938
        },
        "MEDIUM": {
            "accuracy": 0.7428571428571428,
            "precision": 0.12235786656316457,
            "recall": 0.13058823529411764,
            "f1": 0.05751700792211646
        },
        "HIGH": {
            "accuracy": 0.8256250000000002,
            "precision": 0.08,
            "recall": 0.01,
            "f1": 0.01777777777777778
        },
        "LOW": {
            "accuracy": 0.7662229617304492,
            "precision": 0.10883575883575884,
            "recall": 0.0967032967032967,
            "f1": 0.022527328201087066
        }
    },
    "LOW": {
        "VERY_LOW": {
            "accuracy": 0.8098082595870206,
            "precision": 0.7971614429331756,
            "recall": 0.5185185185185185,
            "f1": 0.5543109107005151
        },
        "MEDIUM": {
            "accuracy": 0.8604878048780489,
            "precision": 0.14285714285714285,
            "recall": 0.008888888888888889,
            "f1": 0.01588628762541806
        },
        "HIGH": {
            "accuracy": 0.7884070058381986,
            "precision": 0.7371712977364305,
            "recall": 0.33725490196078434,
            "f1": 0.29826586146011425
        },
        "LOW": {
            "accuracy": 0.86568551510457,
            "precision": 0.7,
            "recall": 0.07962962962962962,
            "f1": 0.1394188861985472
        }
    }
}