{
    "VERY_LOW": {
        "VERY_LOW": {
            "accuracy": 0.8691338582677165,
            "precision": 0.8074688460916006,
            "recall": 0.6697674418604651,
            "f1": 0.6847818758442216
        },
        "MEDIUM": {
            "accuracy": 0.8823308270676691,
            "precision": 0.848786631258674,
            "recall": 0.4571428571428572,
            "f1": 0.5867539695316013
        },
        "HIGH": {
            "accuracy": 0.8886824324324325,
            "precision": 0.8839583333333334,
            "recall": 0.5775,
            "f1": 0.6960866910866911
        },
        "LOW": {
            "accuracy": 0.8988360814742968,
            "precision": 0.9,
            "recall": 0.8684210526315791,
            "f1": 0.8835148241044439
        }
    },
    "MEDIUM": {
        "VERY_LOW": {
            "accuracy": 0.8491143317230273,
            "precision": 0.2,
            "recall": 0.009859154929577464,
            "f1": 0.018362193362193364
        },
        "MEDIUM": {
            "accuracy": 0.8484962406015037,
            "precision": 0.1,
            "recall": 0.001639344262295082,
            "f1": 0.0032258064516129032
        },
        "HIGH": {
            "accuracy": 0.8448438978240302,
            "precision": 0.1,
            "recall": 0.003076923076923077,
            "f1": 0.005970149253731344
        },
        "LOW": {
            "accuracy": 0.8499536607970344,
            "precision": 0.0,
            "recall": 0.0,
            "f1": 0.0
        }
    },
    "HIGH": {
        "VERY_LOW": {
            "accuracy": 0.8347598253275109,
            "precision": 0.0,
            "recall": 0.0,
            "f1": 0.0
        },
        "MEDIUM": {
            "accuracy": 0.8276253547776726,
            "precision": 0.0,
            "recall": 0.0,
            "f1": 0.0
        },
        "HIGH": {
            "accuracy": 0.825,
            "precision": 0.0,
            "recall": 0.0,
            "f1": 0.0
        },
        "LOW": {
            "accuracy": 0.8318635607321131,
            "precision": 0.0,
            "recall": 0.0,
            "f1": 0.0
        }
    },
    "LOW": {
        "VERY_LOW": {
            "accuracy": 0.882669616519174,
            "precision": 0.8820945945945946,
            "recall": 0.47777777777777775,
            "f1": 0.613126879947103
        },
        "MEDIUM": {
            "accuracy": 0.8606829268292682,
            "precision": 0.2,
            "recall": 0.0044444444444444444,
            "f1": 0.008695652173913045
        },
        "HIGH": {
            "accuracy": 0.8732276897414512,
            "precision": 0.8351906158357771,
            "recall": 0.3411764705882353,
            "f1": 0.4546733760724478
        },
        "LOW": {
            "accuracy": 0.8680867544539117,
            "precision": 0.8928571428571429,
            "recall": 0.1388888888888889,
            "f1": 0.2378781512605042
        }
    }
}