{
    "VERY_LOW": {
        "VERY_LOW": {
            "accuracy": 0.8284251968503937,
            "precision": 0.8068037974683545,
            "recall": 0.1558139534883721,
            "f1": 0.11587312844759654
        },
        "MEDIUM": {
            "accuracy": 0.8668421052631577,
            "precision": 0.0,
            "recall": 0.0,
            "f1": 0.0
        },
        "HIGH": {
            "accuracy": 0.8699324324324322,
            "precision": 0.2,
            "recall": 0.01,
            "f1": 0.019047619047619046
        },
        "LOW": {
            "accuracy": 0.8675072744907858,
            "precision": 0.3,
            "recall": 0.018421052631578946,
            "f1": 0.033512224209898626
        }
    },
    "MEDIUM": {
        "VERY_LOW": {
            "accuracy": 0.8487117552334944,
            "precision": 0.1,
            "recall": 0.0028169014084507044,
            "f1": 0.005479452054794521
        },
        "MEDIUM": {
            "accuracy": 0.7694548872180452,
            "precision": 0.07300103842159916,
            "recall": 0.10327868852459017,
            "f1": 0.0181640625
        },
        "HIGH": {
            "accuracy": 0.8454115421002838,
            "precision": 0.4,
            "recall": 0.012307692307692308,
            "f1": 0.023624958212888132
        },
        "LOW": {
            "accuracy": 0.7736793327154772,
            "precision": 0.20597014925373136,
            "recall": 0.09833333333333334,
            "f1": 0.02095274631759553
        }
    },
    "HIGH": {
        "VERY_LOW": {
            "accuracy": 0.8323144104803493,
            "precision": 0.031578947368421054,
            "recall": 0.028915662650602407,
            "f1": 0.03018867924528302
        },
        "MEDIUM": {
            "accuracy": 0.645600756859035,
            "precision": 0.17782417696471498,
            "recall": 0.31058823529411766,
            "f1": 0.12417801612830814
        },
        "HIGH": {
            "accuracy": 0.8176388888888889,
            "precision": 0.2742119995132043,
            "recall": 0.045,
            "f1": 0.06130766043933531
        },
        "LOW": {
            "accuracy": 0.6925956738768717,
            "precision": 0.16042546612882183,
            "recall": 0.27802197802197803,
            "f1": 0.09358220902324864
        }
    },
    "LOW": {
        "VERY_LOW": {
            "accuracy": 0.8654129793510326,
            "precision": 0.6,
            "recall": 0.03148148148148148,
            "f1": 0.059541094114596835
        },
        "MEDIUM": {
            "accuracy": 0.8604878048780489,
            "precision": 0.0,
            "recall": 0.0,
            "f1": 0.0
        },
        "HIGH": {
            "accuracy": 0.8630525437864887,
            "precision": 0.3,
            "recall": 0.03137254901960784,
            "f1": 0.05565656565656565
        },
        "LOW": {
            "accuracy": 0.8623547637490316,
            "precision": 0.0,
            "recall": 0.0,
            "f1": 0.0
        }
    }
}