{
    "VERY_LOW": {
        "VERY_LOW": {
            "accuracy": 0.8866929133858268,
            "precision": 0.9,
            "recall": 0.5069767441860465,
            "f1": 0.6449694232603571
        },
        "MEDIUM": {
            "accuracy": 0.8754887218045111,
            "precision": 0.9,
            "recall": 0.2346938775510204,
            "f1": 0.3589785525991625
        },
        "HIGH": {
            "accuracy": 0.8871621621621621,
            "precision": 0.9,
            "recall": 0.52,
            "f1": 0.655559712749434
        },
        "LOW": {
            "accuracy": 0.8515033947623667,
            "precision": 0.8084257206208425,
            "recall": 0.6710526315789475,
            "f1": 0.671888196248603
        }
    },
    "MEDIUM": {
        "VERY_LOW": {
            "accuracy": 0.7479066022544284,
            "precision": 0.11941443231914431,
            "recall": 0.18028169014084505,
            "f1": 0.04972539786015635
        },
        "MEDIUM": {
            "accuracy": 0.831296992481203,
            "precision": 0.0757,
            "recall": 0.06229508196721312,
            "f1": 0.03571461857495689
        },
        "HIGH": {
            "accuracy": 0.845127719962157,
            "precision": 0.2,
            "recall": 0.007692307692307693,
            "f1": 0.014624505928853757
        },
        "LOW": {
            "accuracy": 0.8505097312326229,
            "precision": 0.1,
            "recall": 0.01,
            "f1": 0.01818181818181818
        }
    },
    "HIGH": {
        "VERY_LOW": {
            "accuracy": 0.8348471615720523,
            "precision": 0.1,
            "recall": 0.0012048192771084338,
            "f1": 0.002380952380952381
        },
        "MEDIUM": {
            "accuracy": 0.7492904446546831,
            "precision": 0.4892644455174634,
            "recall": 0.13999999999999999,
            "f1": 0.07768938777742594
        },
        "HIGH": {
            "accuracy": 0.8240972222222223,
            "precision": 0.33392857142857146,
            "recall": 0.019999999999999997,
            "f1": 0.02980117870207289
        },
        "LOW": {
            "accuracy": 0.8323627287853576,
            "precision": 0.1,
            "recall": 0.006593406593406593,
            "f1": 0.012371134020618558
        }
    },
    "LOW": {
        "VERY_LOW": {
            "accuracy": 0.8779498525073747,
            "precision": 0.9,
            "recall": 0.34629629629629627,
            "f1": 0.48455110468842805
        },
        "MEDIUM": {
            "accuracy": 0.8605853658536585,
            "precision": 0.1,
            "recall": 0.0022222222222222222,
            "f1": 0.004347826086956523
        },
        "HIGH": {
            "accuracy": 0.7800667222685572,
            "precision": 0.8045373665480426,
            "recall": 0.1843137254901961,
            "f1": 0.15977087710479249
        },
        "LOW": {
            "accuracy": 0.8640588690937256,
            "precision": 0.8379746835443038,
            "recall": 0.13148148148148145,
            "f1": 0.18002150668550743
        }
    }
}