{
    "VERY_LOW": {
        "VERY_LOW": {
            "accuracy": 0.8916535433070866,
            "precision": 0.9,
            "recall": 0.6534883720930234,
            "f1": 0.7568575619599411
        },
        "MEDIUM": {
            "accuracy": 0.8820300751879699,
            "precision": 0.8531007751937985,
            "recall": 0.4510204081632653,
            "f1": 0.5819409042041761
        },
        "HIGH": {
            "accuracy": 0.8858952702702704,
            "precision": 0.79896534202411,
            "recall": 0.6399999999999999,
            "f1": 0.6882645568844847
        },
        "LOW": {
            "accuracy": 0.898933074684772,
            "precision": 0.9,
            "recall": 0.8710526315789474,
            "f1": 0.885001522070015
        }
    },
    "MEDIUM": {
        "VERY_LOW": {
            "accuracy": 0.7324476650563608,
            "precision": 0.015797147376094743,
            "recall": 0.18450704225352113,
            "f1": 0.0290374677002584
        },
        "MEDIUM": {
            "accuracy": 0.7981203007518799,
            "precision": 0.008782742681047766,
            "recall": 0.09344262295081968,
            "f1": 0.016056338028169016
        },
        "HIGH": {
            "accuracy": 0.8449385052034059,
            "precision": 0.1,
            "recall": 0.004615384615384616,
            "f1": 0.008823529411764706
        },
        "LOW": {
            "accuracy": 0.689156626506024,
            "precision": 0.01176837929945167,
            "recall": 0.19166666666666665,
            "f1": 0.02216346448332891
        }
    },
    "HIGH": {
        "VERY_LOW": {
            "accuracy": 0.7607860262008733,
            "precision": 0.00811078140454995,
            "recall": 0.09879518072289156,
            "f1": 0.014990859232175502
        },
        "MEDIUM": {
            "accuracy": 0.7557237464522231,
            "precision": 0.008695652173913044,
            "recall": 0.09411764705882353,
            "f1": 0.015920398009950248
        },
        "HIGH": {
            "accuracy": 0.7761805555555557,
            "precision": 0.011584699453551912,
            "recall": 0.08833333333333333,
            "f1": 0.020483091787439612
        },
        "LOW": {
            "accuracy": 0.7585690515806987,
            "precision": 0.008404154863078375,
            "recall": 0.0978021978021978,
            "f1": 0.015478260869565214
        }
    },
    "LOW": {
        "VERY_LOW": {
            "accuracy": 0.8516961651917404,
            "precision": 0.8007865345288658,
            "recall": 0.5,
            "f1": 0.5417346873753734
        },
        "MEDIUM": {
            "accuracy": 0.860390243902439,
            "precision": 0.04444444444444444,
            "recall": 0.008888888888888889,
            "f1": 0.014814814814814814
        },
        "HIGH": {
            "accuracy": 0.8742285237698082,
            "precision": 0.8513188405797102,
            "recall": 0.31764705882352945,
            "f1": 0.45360155090267246
        },
        "LOW": {
            "accuracy": 0.7770720371804802,
            "precision": 0.7394508782088399,
            "recall": 0.2537037037037037,
            "f1": 0.2250652191756867
        }
    }
}