{
    "MEDIUM": {
        "MEDIUM": {
            "accuracy": 0.9730233286362925,
            "precision": 0.7859983481430828,
            "recall": 0.7341463414634148,
            "f1": 0.7585989326445277
        },
        "VERY_LOW": {
            "accuracy": 0.9819388576025745,
            "precision": 0.8479584960058283,
            "recall": 0.8143209876543209,
            "f1": 0.8302580480286597
        },
        "LOW": {
            "accuracy": 0.9716820987654323,
            "precision": 0.7489627347469406,
            "recall": 0.7471074380165291,
            "f1": 0.7470266680911916
        },
        "HIGH": {
            "accuracy": 0.9784341524889729,
            "precision": 0.830837819040431,
            "recall": 0.8169230769230771,
            "f1": 0.8231207486803125
        }
    },
    "VERY_LOW": {
        "MEDIUM": {
            "accuracy": 0.996932131229652,
            "precision": 0.964484907136939,
            "recall": 0.9463768115942027,
            "f1": 0.95519458227565
        },
        "VERY_LOW": {
            "accuracy": 0.9985438803620624,
            "precision": 0.9783526141204383,
            "recall": 0.9805243445692887,
            "f1": 0.979312678379598
        },
        "LOW": {
            "accuracy": 0.9977529906239899,
            "precision": 0.9722493039370456,
            "recall": 0.9643835616438358,
            "f1": 0.9680943757202286
        },
        "HIGH": {
            "accuracy": 0.9961446461235404,
            "precision": 0.9584857134885507,
            "recall": 0.9292682926829269,
            "f1": 0.9432623852422811
        }
    },
    "LOW": {
        "MEDIUM": {
            "accuracy": 0.9913375589143507,
            "precision": 0.9068642447868694,
            "recall": 0.8771084337349399,
            "f1": 0.8912728201451985
        },
        "VERY_LOW": {
            "accuracy": 0.9958978138049622,
            "precision": 0.9608162611327761,
            "recall": 0.9384384384384387,
            "f1": 0.949258420349094
        },
        "LOW": {
            "accuracy": 0.986759581881533,
            "precision": 0.8604335686884782,
            "recall": 0.8063492063492067,
            "f1": 0.8316917107730224
        },
        "HIGH": {
            "accuracy": 0.9877726830623873,
            "precision": 0.8670339161877265,
            "recall": 0.8459546925566344,
            "f1": 0.8558224077657434
        }
    },
    "HIGH": {
        "MEDIUM": {
            "accuracy": 0.9433364839319471,
            "precision": 0.6559980488980311,
            "recall": 0.624313725490196,
            "f1": 0.6391219845624719
        },
        "VERY_LOW": {
            "accuracy": 0.9550996653571947,
            "precision": 0.692620343983562,
            "recall": 0.6791919191919191,
            "f1": 0.6849477113177993
        },
        "LOW": {
            "accuracy": 0.9608870408870409,
            "precision": 0.7527745842739246,
            "recall": 0.7253187613843352,
            "f1": 0.7382491052945742
        },
        "HIGH": {
            "accuracy": 0.957818644459866,
            "precision": 0.7586084111374842,
            "recall": 0.7429539295392954,
            "f1": 0.7503411255926519
        }
    }
}