{
    "MEDIUM": {
        "MEDIUM": {
            "accuracy": 0.972851103804603,
            "precision": 0.7866536455344587,
            "recall": 0.7306233062330624,
            "f1": 0.7566423809217583
        },
        "VERY_LOW": {
            "accuracy": 0.9818718155001339,
            "precision": 0.8459828899508357,
            "recall": 0.8160493827160493,
            "f1": 0.8300690439679417
        },
        "LOW": {
            "accuracy": 0.9719753086419752,
            "precision": 0.7546866312412082,
            "recall": 0.7424242424242424,
            "f1": 0.7478799440810332
        },
        "HIGH": {
            "accuracy": 0.977930056710775,
            "precision": 0.8262415752333432,
            "recall": 0.8125641025641027,
            "f1": 0.818820149118909
        }
    },
    "VERY_LOW": {
        "MEDIUM": {
            "accuracy": 0.9968695216629099,
            "precision": 0.9657767021957295,
            "recall": 0.9431159420289853,
            "f1": 0.9540350562336806
        },
        "VERY_LOW": {
            "accuracy": 0.9983208710481438,
            "precision": 0.9800921527079349,
            "recall": 0.9719101123595506,
            "f1": 0.9759096186248393
        },
        "LOW": {
            "accuracy": 0.9978338182993858,
            "precision": 0.9780409799476455,
            "recall": 0.960730593607306,
            "f1": 0.9690382179113325
        },
        "HIGH": {
            "accuracy": 0.9958491627972424,
            "precision": 0.9489324349677409,
            "recall": 0.9308943089430894,
            "f1": 0.9393880843660442
        }
    },
    "LOW": {
        "MEDIUM": {
            "accuracy": 0.9913863156183976,
            "precision": 0.9129749885638135,
            "recall": 0.8714859437751004,
            "f1": 0.8911413052261168
        },
        "VERY_LOW": {
            "accuracy": 0.996106607713093,
            "precision": 0.9613157168759542,
            "recall": 0.9432432432432434,
            "f1": 0.9519792041623859
        },
        "LOW": {
            "accuracy": 0.9862562911343397,
            "precision": 0.8586760344131525,
            "recall": 0.793650793650794,
            "f1": 0.8244360751203625
        },
        "HIGH": {
            "accuracy": 0.9882589968042238,
            "precision": 0.879355556227209,
            "recall": 0.8436893203883495,
            "f1": 0.8603516064955183
        }
    },
    "HIGH": {
        "MEDIUM": {
            "accuracy": 0.9427536231884058,
            "precision": 0.6528576518124478,
            "recall": 0.616470588235294,
            "f1": 0.6335755394936765
        },
        "VERY_LOW": {
            "accuracy": 0.9547504728648336,
            "precision": 0.6883138992374274,
            "recall": 0.6816161616161617,
            "f1": 0.6842893784888079
        },
        "LOW": {
            "accuracy": 0.960803880803881,
            "precision": 0.7457347371070112,
            "recall": 0.736976320582878,
            "f1": 0.7408798977305409
        },
        "HIGH": {
            "accuracy": 0.9584779088595881,
            "precision": 0.7622226478953699,
            "recall": 0.7476964769647698,
            "f1": 0.7545479952476858
        }
    }
}