{
    "MEDIUM": {
        "MEDIUM": {
            "accuracy": 0.972146547674965,
            "precision": 0.7790901692781967,
            "recall": 0.7252032520325203,
            "f1": 0.7506472957927418
        },
        "VERY_LOW": {
            "accuracy": 0.9822070260123358,
            "precision": 0.8536903849966697,
            "recall": 0.81358024691358,
            "f1": 0.8324567329369068
        },
        "LOW": {
            "accuracy": 0.9724537037037037,
            "precision": 0.7652895317342594,
            "recall": 0.7355371900826445,
            "f1": 0.7491093643424075
        },
        "HIGH": {
            "accuracy": 0.9789382482671708,
            "precision": 0.8370743744722264,
            "recall": 0.8179487179487179,
            "f1": 0.8266668737383095
        }
    },
    "VERY_LOW": {
        "MEDIUM": {
            "accuracy": 0.9967693463561231,
            "precision": 0.9606191372496141,
            "recall": 0.9456521739130431,
            "f1": 0.9528654235760107
        },
        "VERY_LOW": {
            "accuracy": 0.9979404433949893,
            "precision": 0.973101888528811,
            "recall": 0.9681647940074904,
            "f1": 0.9704827511999988
        },
        "LOW": {
            "accuracy": 0.9968477206595538,
            "precision": 0.9608473185531008,
            "recall": 0.9502283105022834,
            "f1": 0.9552107756071124
        },
        "HIGH": {
            "accuracy": 0.9961165048543692,
            "precision": 0.9549092703607948,
            "recall": 0.9325203252032519,
            "f1": 0.9431678736808273
        }
    },
    "LOW": {
        "MEDIUM": {
            "accuracy": 0.9903299203640502,
            "precision": 0.8926613737994643,
            "recall": 0.866265060240964,
            "f1": 0.8787214747867094
        },
        "VERY_LOW": {
            "accuracy": 0.9962908376320316,
            "precision": 0.964579741935139,
            "recall": 0.9441441441441442,
            "f1": 0.9540644971006834
        },
        "LOW": {
            "accuracy": 0.9854819976771195,
            "precision": 0.8421068619113002,
            "recall": 0.7920634920634926,
            "f1": 0.8155094673452814
        },
        "HIGH": {
            "accuracy": 0.9888703626511045,
            "precision": 0.8912254072453251,
            "recall": 0.8446601941747571,
            "f1": 0.8668668205575732
        }
    },
    "HIGH": {
        "MEDIUM": {
            "accuracy": 0.9413831127914303,
            "precision": 0.6415951999185031,
            "recall": 0.6152941176470588,
            "f1": 0.6277066075802045
        },
        "VERY_LOW": {
            "accuracy": 0.9531209079004803,
            "precision": 0.6737058181452685,
            "recall": 0.6785858585858586,
            "f1": 0.6755944024080155
        },
        "LOW": {
            "accuracy": 0.9608731808731807,
            "precision": 0.7466586282149096,
            "recall": 0.736976320582878,
            "f1": 0.7413505143028873
        },
        "HIGH": {
            "accuracy": 0.9582118898912794,
            "precision": 0.7557123160510598,
            "recall": 0.7558265582655826,
            "f1": 0.7551654992928518
        }
    }
}