{
    "LOW": {
        "LOW": {
            "accuracy": 0.9721146398140977,
            "precision": 0.8837209302325582,
            "recall": 0.3619047619047619,
            "f1": 0.5135135135135135
        },
        "VERY_LOW": {
            "accuracy": 0.9922594913380023,
            "precision": 1.0,
            "recall": 0.809090909090909,
            "f1": 0.8944723618090451
        },
        "HIGH": {
            "accuracy": 0.9924937447873228,
            "precision": 0.9578947368421054,
            "recall": 0.8666666666666668,
            "f1": 0.9099999999999999
        },
        "MEDIUM": {
            "accuracy": 0.9912195121951219,
            "precision": 0.9859154929577464,
            "recall": 0.8045977011494253,
            "f1": 0.8860759493670887
        }
    },
    "VERY_LOW": {
        "LOW": {
            "accuracy": 0.9990300678952473,
            "precision": 1.0,
            "recall": 0.972972972972973,
            "f1": 0.9863013698630138
        },
        "VERY_LOW": {
            "accuracy": 0.9968503937007874,
            "precision": 1.0,
            "recall": 0.9058823529411765,
            "f1": 0.9506172839506173
        },
        "HIGH": {
            "accuracy": 0.9928209459459459,
            "precision": 0.9701492537313433,
            "recall": 0.8125,
            "f1": 0.8843537414965986
        },
        "MEDIUM": {
            "accuracy": 0.9947388199924841,
            "precision": 1.0,
            "recall": 0.8526315789473685,
            "f1": 0.9204545454545453
        }
    },
    "HIGH": {
        "LOW": {
            "accuracy": 0.9446755407653911,
            "precision": 0.6263157894736842,
            "recall": 0.6574585635359116,
            "f1": 0.6415094339622641
        },
        "VERY_LOW": {
            "accuracy": 0.9572052401746725,
            "precision": 0.7243589743589743,
            "recall": 0.6726190476190477,
            "f1": 0.697530864197531
        },
        "HIGH": {
            "accuracy": 0.9413398125650815,
            "precision": 0.6401515151515151,
            "recall": 0.6954732510288066,
            "f1": 0.6666666666666667
        },
        "MEDIUM": {
            "accuracy": 0.9385342789598109,
            "precision": 0.6782608695652174,
            "recall": 0.45614035087719296,
            "f1": 0.5454545454545454
        }
    },
    "MEDIUM": {
        "LOW": {
            "accuracy": 0.9490504863362668,
            "precision": 0.5287356321839081,
            "recall": 0.7666666666666667,
            "f1": 0.6258503401360546
        },
        "VERY_LOW": {
            "accuracy": 0.9855130784708249,
            "precision": 0.9722222222222221,
            "recall": 0.7608695652173914,
            "f1": 0.853658536585366
        },
        "HIGH": {
            "accuracy": 0.9825059101654846,
            "precision": 0.927927927927928,
            "recall": 0.7803030303030303,
            "f1": 0.8477366255144034
        },
        "MEDIUM": {
            "accuracy": 0.9661654135338346,
            "precision": 0.8732394366197183,
            "recall": 0.496,
            "f1": 0.6326530612244897
        }
    }
}