{
    "MEDIUM": {
        "MEDIUM": {
            "accuracy": 0.9483795209018318,
            "precision": 0.9867285200179937,
            "recall": 0.10813008130081303,
            "f1": 0.1937385132492463
        },
        "VERY_LOW": {
            "accuracy": 0.9512067578439259,
            "precision": 0.8009063409817504,
            "recall": 0.13654320987654323,
            "f1": 0.23255485519615807
        },
        "LOW": {
            "accuracy": 0.9472222222222222,
            "precision": 0.8620306599718365,
            "recall": 0.06831955922865013,
            "f1": 0.12562005536875867
        },
        "HIGH": {
            "accuracy": 0.941918714555766,
            "precision": 0.8487338587338588,
            "recall": 0.0658974358974359,
            "f1": 0.12173843597541555
        }
    },
    "VERY_LOW": {
        "MEDIUM": {
            "accuracy": 0.9923616328575009,
            "precision": 0.9628509185123831,
            "recall": 0.8108695652173914,
            "f1": 0.8796243877557425
        },
        "VERY_LOW": {
            "accuracy": 0.9951069132887314,
            "precision": 0.9854910023901375,
            "recall": 0.8734082397003746,
            "f1": 0.9256264156279929
        },
        "LOW": {
            "accuracy": 0.9958292919495633,
            "precision": 0.9786428563128006,
            "recall": 0.9022831050228309,
            "f1": 0.9384928532954057
        },
        "HIGH": {
            "accuracy": 0.9913324890952582,
            "precision": 0.9521935079443509,
            "recall": 0.7898373983739837,
            "f1": 0.862955064189862
        }
    },
    "LOW": {
        "MEDIUM": {
            "accuracy": 0.9675442873395093,
            "precision": 0.8856914153393042,
            "recall": 0.22771084337349395,
            "f1": 0.3606101458990038
        },
        "VERY_LOW": {
            "accuracy": 0.9770081061164333,
            "precision": 0.8921323397895541,
            "recall": 0.49819819819819827,
            "f1": 0.6385635760812194
        },
        "LOW": {
            "accuracy": 0.9759194734804492,
            "precision": 0.9507252634358904,
            "recall": 0.42984126984126997,
            "f1": 0.5908485178349888
        },
        "HIGH": {
            "accuracy": 0.9726830623871057,
            "precision": 0.9428863232099406,
            "recall": 0.3880258899676375,
            "f1": 0.5486096546806126
        }
    },
    "HIGH": {
        "MEDIUM": {
            "accuracy": 0.9249369880277256,
            "precision": 0.9753479853479854,
            "recall": 0.0672549019607843,
            "f1": 0.1253646629028658
        },
        "VERY_LOW": {
            "accuracy": 0.9311363305688926,
            "precision": 0.7788632447417277,
            "recall": 0.06303030303030302,
            "f1": 0.11595600780803142
        },
        "LOW": {
            "accuracy": 0.9260013860013862,
            "precision": 0.7616238391238391,
            "recall": 0.04025500910746814,
            "f1": 0.07623719609852551
        },
        "HIGH": {
            "accuracy": 0.9195697432338654,
            "precision": 0.7190621579764161,
            "recall": 0.09593495934959351,
            "f1": 0.16862533640609706
        }
    }
}