{
    "LOW": {
        "LOW": {
            "accuracy": 0.971727343144849,
            "precision": 1.0,
            "recall": 0.3047619047619048,
            "f1": 0.4671532846715329
        },
        "VERY_LOW": {
            "accuracy": 0.9859933652782897,
            "precision": 1.0,
            "recall": 0.6545454545454545,
            "f1": 0.7912087912087912
        },
        "HIGH": {
            "accuracy": 0.9895746455379483,
            "precision": 0.9878048780487806,
            "recall": 0.7714285714285715,
            "f1": 0.8663101604278076
        },
        "MEDIUM": {
            "accuracy": 0.9897560975609757,
            "precision": 0.9852941176470589,
            "recall": 0.7701149425287356,
            "f1": 0.8645161290322582
        }
    },
    "VERY_LOW": {
        "LOW": {
            "accuracy": 0.9966052376333657,
            "precision": 0.9855072463768118,
            "recall": 0.918918918918919,
            "f1": 0.951048951048951
        },
        "VERY_LOW": {
            "accuracy": 0.9960629921259843,
            "precision": 1.0,
            "recall": 0.8823529411764707,
            "f1": 0.9375
        },
        "HIGH": {
            "accuracy": 0.9907094594594594,
            "precision": 0.967741935483871,
            "recall": 0.75,
            "f1": 0.8450704225352113
        },
        "MEDIUM": {
            "accuracy": 0.9891018414130027,
            "precision": 0.9459459459459459,
            "recall": 0.7368421052631579,
            "f1": 0.8284023668639053
        }
    },
    "HIGH": {
        "LOW": {
            "accuracy": 0.947587354409318,
            "precision": 0.6751592356687898,
            "recall": 0.585635359116022,
            "f1": 0.6272189349112426
        },
        "VERY_LOW": {
            "accuracy": 0.9567685589519652,
            "precision": 0.8165137614678899,
            "recall": 0.5297619047619048,
            "f1": 0.6425992779783393
        },
        "HIGH": {
            "accuracy": 0.9455050329746616,
            "precision": 0.8359375,
            "recall": 0.4403292181069959,
            "f1": 0.5768194070080863
        },
        "MEDIUM": {
            "accuracy": 0.939952718676123,
            "precision": 0.7037037037037037,
            "recall": 0.4444444444444445,
            "f1": 0.5448028673835125
        }
    },
    "MEDIUM": {
        "LOW": {
            "accuracy": 0.9592403890690134,
            "precision": 0.6428571428571429,
            "recall": 0.6,
            "f1": 0.6206896551724138
        },
        "VERY_LOW": {
            "accuracy": 0.9762575452716298,
            "precision": 1.0,
            "recall": 0.572463768115942,
            "f1": 0.7281105990783411
        },
        "HIGH": {
            "accuracy": 0.9777777777777776,
            "precision": 1.0,
            "recall": 0.6439393939393939,
            "f1": 0.7834101382488479
        },
        "MEDIUM": {
            "accuracy": 0.9591165413533835,
            "precision": 1.0,
            "recall": 0.304,
            "f1": 0.4662576687116564
        }
    }
}