{
    "VERY_LOW": {
        "VERY_LOW": {
            "accuracy": 0.03502558048012593,
            "precision": 0.03502558048012593,
            "recall": 1.0,
            "f1": 0.067680608365019
        },
        "MEDIUM": {
            "accuracy": 0.03456048084147257,
            "precision": 0.03456048084147257,
            "recall": 1.0,
            "f1": 0.06681190994916485
        },
        "HIGH": {
            "accuracy": 0.03461376108062474,
            "precision": 0.03461376108062474,
            "recall": 1.0,
            "f1": 0.0669114647082823
        },
        "LOW": {
            "accuracy": 0.03540252182347236,
            "precision": 0.03540252182347236,
            "recall": 1.0,
            "f1": 0.06838407494145195
        }
    },
    "MEDIUM": {
        "VERY_LOW": {
            "accuracy": 0.05430410297666933,
            "precision": 0.05430410297666933,
            "recall": 1.0,
            "f1": 0.10301411674933235
        },
        "MEDIUM": {
            "accuracy": 0.05788320025050884,
            "precision": 0.05777993745519269,
            "recall": 1.0,
            "f1": 0.10924755762783146
        },
        "HIGH": {
            "accuracy": 0.06143667296786391,
            "precision": 0.06143667296786391,
            "recall": 1.0,
            "f1": 0.11576135351736425
        },
        "LOW": {
            "accuracy": 0.05601851851851848,
            "precision": 0.05601851851851848,
            "recall": 1.0,
            "f1": 0.10609381850065756
        }
    },
    "HIGH": {
        "VERY_LOW": {
            "accuracy": 0.07202095154954163,
            "precision": 0.07202095154954163,
            "recall": 1.0,
            "f1": 0.13436482084690562
        },
        "MEDIUM": {
            "accuracy": 0.08034026465028356,
            "precision": 0.08034026465028356,
            "recall": 1.0,
            "f1": 0.14873140857392822
        },
        "HIGH": {
            "accuracy": 0.08535739070090215,
            "precision": 0.08535739070090215,
            "recall": 1.0,
            "f1": 0.15728900255754483
        },
        "LOW": {
            "accuracy": 0.07609147609147611,
            "precision": 0.07609147609147611,
            "recall": 1.0,
            "f1": 0.1414219474497682
        }
    },
    "LOW": {
        "VERY_LOW": {
            "accuracy": 0.04092360599361336,
            "precision": 0.04090004701835454,
            "recall": 1.0,
            "f1": 0.07858592594449595
        },
        "MEDIUM": {
            "accuracy": 0.04046806435884933,
            "precision": 0.04046806435884933,
            "recall": 1.0,
            "f1": 0.07778819119025308
        },
        "HIGH": {
            "accuracy": 0.042934556065027094,
            "precision": 0.042934556065027094,
            "recall": 1.0,
            "f1": 0.08233413269384489
        },
        "LOW": {
            "accuracy": 0.04065040650406502,
            "precision": 0.04065040650406502,
            "recall": 1.0,
            "f1": 0.078125
        }
    }
}