{
    "MEDIUM": {
        "MEDIUM": {
            "accuracy": 0.979098168154063,
            "precision": 1.0,
            "recall": 0.6382113821138212,
            "f1": 0.7520779205864236
        },
        "VERY_LOW": {
            "accuracy": 0.9994368463395013,
            "precision": 1.0,
            "recall": 0.9896296296296297,
            "f1": 0.9947497654555832
        },
        "LOW": {
            "accuracy": 0.9994753086419752,
            "precision": 1.0,
            "recall": 0.9906336088154268,
            "f1": 0.9950034433468173
        },
        "HIGH": {
            "accuracy": 0.9993856332703213,
            "precision": 1.0,
            "recall": 0.9899999999999999,
            "f1": 0.9948309823699657
        }
    },
    "VERY_LOW": {
        "MEDIUM": {
            "accuracy": 0.9980841472577013,
            "precision": 0.9991111111111111,
            "recall": 0.9452898550724637,
            "f1": 0.9707250050278529
        },
        "VERY_LOW": {
            "accuracy": 0.9955398137216319,
            "precision": 0.9840857868320108,
            "recall": 0.8868913857677901,
            "f1": 0.9323395066056279
        },
        "LOW": {
            "accuracy": 0.9966860653087612,
            "precision": 0.9842390217110003,
            "recall": 0.9214611872146115,
            "f1": 0.9514985264721957
        },
        "HIGH": {
            "accuracy": 0.9978612635429858,
            "precision": 0.9987645390819061,
            "recall": 0.9394308943089431,
            "f1": 0.9675666447638135
        }
    },
    "LOW": {
        "MEDIUM": {
            "accuracy": 0.9982935153583617,
            "precision": 1.0,
            "recall": 0.9578313253012049,
            "f1": 0.9780306420616054
        },
        "VERY_LOW": {
            "accuracy": 0.9831982313927783,
            "precision": 0.9348670510440211,
            "recall": 0.6288288288288292,
            "f1": 0.7434926890275005
        },
        "LOW": {
            "accuracy": 0.9975867853916632,
            "precision": 1.0,
            "recall": 0.9406349206349207,
            "f1": 0.968824720548222
        },
        "HIGH": {
            "accuracy": 0.9989856884813116,
            "precision": 1.0,
            "recall": 0.9763754045307443,
            "f1": 0.9871911603198867
        }
    },
    "HIGH": {
        "MEDIUM": {
            "accuracy": 0.9980466288594834,
            "precision": 1.0,
            "recall": 0.975686274509804,
            "f1": 0.9865349362152954
        },
        "VERY_LOW": {
            "accuracy": 0.9985450312818273,
            "precision": 0.9987939637337229,
            "recall": 0.9810101010101009,
            "f1": 0.9889831564915686
        },
        "LOW": {
            "accuracy": 0.9993624393624393,
            "precision": 1.0,
            "recall": 0.9916211293260474,
            "f1": 0.9956232758884771
        },
        "HIGH": {
            "accuracy": 0.9971084894749017,
            "precision": 1.0,
            "recall": 0.9661246612466124,
            "f1": 0.982446017797947
        }
    }
}