{
    "MEDIUM": {
        "MEDIUM": {
            "accuracy": 0.9709566306560199,
            "precision": 0.9974770843851574,
            "recall": 0.49891598915989166,
            "f1": 0.6624281997503386
        },
        "VERY_LOW": {
            "accuracy": 0.9891659962456423,
            "precision": 0.987573661546668,
            "recall": 0.8108641975308643,
            "f1": 0.8902025921033457
        },
        "LOW": {
            "accuracy": 0.9767592592592592,
            "precision": 0.8984276290217882,
            "recall": 0.6611570247933886,
            "f1": 0.7605783457579639
        },
        "HIGH": {
            "accuracy": 0.9852236925015752,
            "precision": 0.9830562783052862,
            "recall": 0.7730769230769232,
            "f1": 0.8651815757611295
        }
    },
    "VERY_LOW": {
        "MEDIUM": {
            "accuracy": 0.9991359879789634,
            "precision": 1.0,
            "recall": 0.975,
            "f1": 0.9872942087513311
        },
        "VERY_LOW": {
            "accuracy": 0.9990554899645814,
            "precision": 1.0,
            "recall": 0.9730337078651684,
            "f1": 0.9862500591490533
        },
        "LOW": {
            "accuracy": 0.9997736825088912,
            "precision": 1.0,
            "recall": 0.9936073059360733,
            "f1": 0.9967720306513409
        },
        "HIGH": {
            "accuracy": 0.9993949627128179,
            "precision": 0.9987803668755117,
            "recall": 0.9837398373983743,
            "f1": 0.991173505320606
        }
    },
    "LOW": {
        "MEDIUM": {
            "accuracy": 0.9938241508207379,
            "precision": 0.948326990893031,
            "recall": 0.8971887550200802,
            "f1": 0.921611382829047
        },
        "VERY_LOW": {
            "accuracy": 0.9947924342913288,
            "precision": 0.9993620268620269,
            "recall": 0.8732732732732731,
            "f1": 0.9316568315736032
        },
        "LOW": {
            "accuracy": 0.9942315137437087,
            "precision": 1.0,
            "recall": 0.8580952380952384,
            "f1": 0.9233679703388007
        },
        "HIGH": {
            "accuracy": 0.990662776156732,
            "precision": 0.9607875563937768,
            "recall": 0.8161812297734627,
            "f1": 0.8822942140349023
        }
    },
    "HIGH": {
        "MEDIUM": {
            "accuracy": 0.9513232514177694,
            "precision": 0.8951012651408751,
            "recall": 0.4466666666666668,
            "f1": 0.5954859331697864
        },
        "VERY_LOW": {
            "accuracy": 0.9626800523788738,
            "precision": 0.8498593784584588,
            "recall": 0.5866666666666666,
            "f1": 0.6934181080899422
        },
        "LOW": {
            "accuracy": 0.9707415107415109,
            "precision": 0.8820891124448426,
            "recall": 0.710928961748634,
            "f1": 0.7870348998715785
        },
        "HIGH": {
            "accuracy": 0.966030534351145,
            "precision": 0.9019327743754121,
            "recall": 0.6760162601626016,
            "f1": 0.7724367927383519
        }
    }
}